timestamp_utc,sample,node,node_count,shard,direction,bytes
2026-09-21T11:15:47.271124+00:00,0,r-scylla1,3,0,incoming,0
2026-09-21T11:15:47.271124+00:00,0,r-scylla1,3,0,outgoing,138312
2026-09-21T11:15:47.271124+00:00,0,r-scylla1,3,1,incoming,0
2026-09-21T11:15:47.271124+00:00,0,r-scylla1,3,1,outgoing,185224
2026-09-21T11:15:47.271124+00:00,0,r-scylla2,3,0,incoming,0
2026-09-21T11:15:47.271124+00:00,0,r-scylla2,3,0,outgoing,0
2026-09-21T11:15:47.271124+00:00,0,r-scylla2,3,1,incoming,138674
2026-09-21T11:15:47.271124+00:00,0,r-scylla2,3,1,outgoing,92232
2026-09-21T11:15:47.271124+00:00,0,r-scylla3,3,0,incoming,138312
2026-09-21T11:15:47.271124+00:00,0,r-scylla3,3,0,outgoing,0
2026-09-21T11:15:47.271124+00:00,0,r-scylla3,3,1,incoming,138782
2026-09-21T11:15:47.271124+00:00,0,r-scylla3,3,1,outgoing,0
2026-09-21T11:15:48.271307+00:00,1,r-scylla1,3,0,incoming,0
2026-09-21T11:15:48.271307+00:00,1,r-scylla1,3,0,outgoing,138312
2026-09-21T11:15:48.271307+00:00,1,r-scylla1,3,1,incoming,0
2026-09-21T11:15:48.271307+00:00,1,r-scylla1,3,1,outgoing,185224
2026-09-21T11:15:48.271307+00:00,1,r-scylla2,3,0,incoming,0
2026-09-21T11:15:48.271307+00:00,1,r-scylla2,3,0,outgoing,0
2026-09-21T11:15:48.271307+00:00,1,r-scylla2,3,1,incoming,138674
2026-09-21T11:15:48.271307+00:00,1,r-scylla2,3,1,outgoing,92232
2026-09-21T11:15:48.271307+00:00,1,r-scylla3,3,0,incoming,138312
2026-09-21T11:15:48.271307+00:00,1,r-scylla3,3,0,outgoing,0
2026-09-21T11:15:48.271307+00:00,1,r-scylla3,3,1,incoming,138782
2026-09-21T11:15:48.271307+00:00,1,r-scylla3,3,1,outgoing,0
2026-09-21T11:15:49.271500+00:00,2,r-scylla1,3,0,incoming,0
2026-09-21T11:15:49.271500+00:00,2,r-scylla1,3,0,outgoing,138312
2026-09-21T11:15:49.271500+00:00,2,r-scylla1,3,1,incoming,0
2026-09-21T11:15:49.271500+00:00,2,r-scylla1,3,1,outgoing,185224
2026-09-21T11:15:49.271500+00:00,2,r-scylla2,3,0,incoming,0
2026-09-21T11:15:49.271500+00:00,2,r-scylla2,3,0,outgoing,0
2026-09-21T11:15:49.271500+00:00,2,r-scylla2,3,1,incoming,138674
2026-09-21T11:15:49.271500+00:00,2,r-scylla2,3,1,outgoing,92232
2026-09-21T11:15:49.271500+00:00,2,r-scylla3,3,0,incoming,138312
2026-09-21T11:15:49.271500+00:00,2,r-scylla3,3,0,outgoing,0
2026-09-21T11:15:49.271500+00:00,2,r-scylla3,3,1,incoming,138782
2026-09-21T11:15:49.271500+00:00,2,r-scylla3,3,1,outgoing,0
2026-09-21T11:15:50.271711+00:00,3,r-scylla1,3,0,incoming,0
2026-09-21T11:15:50.271711+00:00,3,r-scylla1,3,0,outgoing,138312
2026-09-21T11:15:50.271711+00:00,3,r-scylla1,3,1,incoming,0
2026-09-21T11:15:50.271711+00:00,3,r-scylla1,3,1,outgoing,185224
2026-09-21T11:15:50.271711+00:00,3,r-scylla2,3,0,incoming,0
2026-09-21T11:15:50.271711+00:00,3,r-scylla2,3,0,outgoing,0
2026-09-21T11:15:50.271711+00:00,3,r-scylla2,3,1,incoming,138674
2026-09-21T11:15:50.271711+00:00,3,r-scylla2,3,1,outgoing,92232
2026-09-21T11:15:50.271711+00:00,3,r-scylla3,3,0,incoming,138312
2026-09-21T11:15:50.271711+00:00,3,r-scylla3,3,0,outgoing,0
2026-09-21T11:15:50.271711+00:00,3,r-scylla3,3,1,incoming,138782
2026-09-21T11:15:50.271711+00:00,3,r-scylla3,3,1,outgoing,0
2026-09-21T11:15:51.271871+00:00,4,r-scylla1,3,0,incoming,0
2026-09-21T11:15:51.271871+00:00,4,r-scylla1,3,0,outgoing,138312
2026-09-21T11:15:51.271871+00:00,4,r-scylla1,3,1,incoming,0
2026-09-21T11:15:51.271871+00:00,4,r-scylla1,3,1,outgoing,185224
2026-09-21T11:15:51.271871+00:00,4,r-scylla2,3,0,incoming,0
2026-09-21T11:15:51.271871+00:00,4,r-scylla2,3,0,outgoing,0
2026-09-21T11:15:51.271871+00:00,4,r-scylla2,3,1,incoming,138674
2026-09-21T11:15:51.271871+00:00,4,r-scylla2,3,1,outgoing,92232
2026-09-21T11:15:51.271871+00:00,4,r-scylla3,3,0,incoming,138312
2026-09-21T11:15:51.271871+00:00,4,r-scylla3,3,0,outgoing,0
2026-09-21T11:15:51.271871+00:00,4,r-scylla3,3,1,incoming,138782
2026-09-21T11:15:51.271871+00:00,4,r-scylla3,3,1,outgoing,0
2026-09-21T11:15:52.272064+00:00,5,r-scylla1,3,0,incoming,0
2026-09-21T11:15:52.272064+00:00,5,r-scylla1,3,0,outgoing,138312
2026-09-21T11:15:52.272064+00:00,5,r-scylla1,3,1,incoming,0
2026-09-21T11:15:52.272064+00:00,5,r-scylla1,3,1,outgoing,185224
2026-09-21T11:15:52.272064+00:00,5,r-scylla2,3,0,incoming,0
2026-09-21T11:15:52.272064+00:00,5,r-scylla2,3,0,outgoing,0
2026-09-21T11:15:52.272064+00:00,5,r-scylla2,3,1,incoming,138674
2026-09-21T11:15:52.272064+00:00,5,r-scylla2,3,1,outgoing,92232
2026-09-21T11:15:52.272064+00:00,5,r-scylla3,3,0,incoming,138312
2026-09-21T11:15:52.272064+00:00,5,r-scylla3,3,0,outgoing,0
2026-09-21T11:15:52.272064+00:00,5,r-scylla3,3,1,incoming,138782
2026-09-21T11:15:52.272064+00:00,5,r-scylla3,3,1,outgoing,0
2026-09-21T11:15:53.272435+00:00,6,r-scylla1,3,0,incoming,0
2026-09-21T11:15:53.272435+00:00,6,r-scylla1,3,0,outgoing,138312
2026-09-21T11:15:53.272435+00:00,6,r-scylla1,3,1,incoming,0
2026-09-21T11:15:53.272435+00:00,6,r-scylla1,3,1,outgoing,185224
2026-09-21T11:15:53.272435+00:00,6,r-scylla2,3,0,incoming,0
2026-09-21T11:15:53.272435+00:00,6,r-scylla2,3,0,outgoing,0
2026-09-21T11:15:53.272435+00:00,6,r-scylla2,3,1,incoming,138674
2026-09-21T11:15:53.272435+00:00,6,r-scylla2,3,1,outgoing,92232
2026-09-21T11:15:53.272435+00:00,6,r-scylla3,3,0,incoming,138312
2026-09-21T11:15:53.272435+00:00,6,r-scylla3,3,0,outgoing,0
2026-09-21T11:15:53.272435+00:00,6,r-scylla3,3,1,incoming,138782
2026-09-21T11:15:53.272435+00:00,6,r-scylla3,3,1,outgoing,0
