"timestamp_utc","sample","node","cpu_percent","memory_usage","network_io","block_io"
"2026-09-17T15:02:08.8829417+00:00","0","r-scylla1","3.59%","588.8MiB / 9.711GiB","179MB / 147MB","363MB / 896MB"
"2026-09-17T15:02:08.8829417+00:00","0","r-scylla2","2.86%","515.7MiB / 9.711GiB","181MB / 145MB","54.4MB / 895MB"
"2026-09-17T15:02:08.8829417+00:00","0","r-scylla3","3.02%","517.1MiB / 9.711GiB","180MB / 146MB","41.9MB / 894MB"
"2026-09-17T15:02:11.6890785+00:00","1","r-scylla1","3.28%","589.3MiB / 9.711GiB","179MB / 147MB","363MB / 896MB"
"2026-09-17T15:02:11.6890785+00:00","1","r-scylla2","3.27%","515.4MiB / 9.711GiB","181MB / 145MB","54.4MB / 895MB"
"2026-09-17T15:02:11.6890785+00:00","1","r-scylla3","2.66%","517.1MiB / 9.711GiB","180MB / 146MB","41.9MB / 894MB"
"2026-09-17T15:02:14.9036800+00:00","2","r-scylla1","3.41%","589MiB / 9.711GiB","179MB / 147MB","363MB / 896MB"
"2026-09-17T15:02:14.9036800+00:00","2","r-scylla2","2.89%","515.4MiB / 9.711GiB","181MB / 145MB","54.4MB / 895MB"
"2026-09-17T15:02:14.9036800+00:00","2","r-scylla3","2.51%","517.4MiB / 9.711GiB","180MB / 146MB","41.9MB / 894MB"
"2026-09-17T15:02:18.0608921+00:00","3","r-scylla1","3.21%","588.8MiB / 9.711GiB","179MB / 147MB","363MB / 896MB"
"2026-09-17T15:02:18.0608921+00:00","3","r-scylla2","2.31%","515.4MiB / 9.711GiB","181MB / 145MB","54.4MB / 895MB"
"2026-09-17T15:02:18.0608921+00:00","3","r-scylla3","2.68%","517.4MiB / 9.711GiB","180MB / 146MB","41.9MB / 894MB"
"2026-09-17T15:02:21.2286476+00:00","4","r-scylla1","3.34%","589MiB / 9.711GiB","180MB / 147MB","363MB / 896MB"
"2026-09-17T15:02:21.2286476+00:00","4","r-scylla2","3.07%","515.9MiB / 9.711GiB","181MB / 145MB","54.4MB / 895MB"
"2026-09-17T15:02:21.2286476+00:00","4","r-scylla3","3.42%","517.1MiB / 9.711GiB","180MB / 146MB","41.9MB / 894MB"
"2026-09-17T15:02:24.4227490+00:00","5","r-scylla1","2.96%","589MiB / 9.711GiB","180MB / 147MB","363MB / 896MB"
"2026-09-17T15:02:24.4227490+00:00","5","r-scylla2","2.82%","515.7MiB / 9.711GiB","181MB / 145MB","54.4MB / 895MB"
"2026-09-17T15:02:24.4227490+00:00","5","r-scylla3","3.49%","517.1MiB / 9.711GiB","180MB / 146MB","41.9MB / 894MB"
"2026-09-17T15:02:27.5609411+00:00","6","r-scylla1","2.89%","589MiB / 9.711GiB","180MB / 147MB","363MB / 896MB"
"2026-09-17T15:02:27.5609411+00:00","6","r-scylla2","2.64%","515.4MiB / 9.711GiB","181MB / 145MB","54.4MB / 895MB"
"2026-09-17T15:02:27.5609411+00:00","6","r-scylla3","3.72%","517.1MiB / 9.711GiB","180MB / 146MB","41.9MB / 894MB"
"2026-09-17T15:02:30.7386402+00:00","7","r-scylla1","2.83%","588.8MiB / 9.711GiB","180MB / 147MB","363MB / 896MB"
"2026-09-17T15:02:30.7386402+00:00","7","r-scylla2","2.78%","515.4MiB / 9.711GiB","181MB / 145MB","54.4MB / 895MB"
"2026-09-17T15:02:30.7386402+00:00","7","r-scylla3","2.84%","517.1MiB / 9.711GiB","180MB / 146MB","41.9MB / 894MB"
"2026-09-17T15:02:33.8852025+00:00","8","r-scylla1","2.75%","589.3MiB / 9.711GiB","180MB / 147MB","363MB / 896MB"
"2026-09-17T15:02:33.8852025+00:00","8","r-scylla2","2.80%","515.4MiB / 9.711GiB","181MB / 145MB","54.4MB / 895MB"
"2026-09-17T15:02:33.8852025+00:00","8","r-scylla3","2.84%","517.1MiB / 9.711GiB","180MB / 146MB","41.9MB / 894MB"
"2026-09-17T15:02:37.0709009+00:00","9","r-scylla1","1.95%","588.8MiB / 9.711GiB","180MB / 147MB","363MB / 896MB"
"2026-09-17T15:02:37.0709009+00:00","9","r-scylla2","3.17%","515.4MiB / 9.711GiB","181MB / 145MB","54.4MB / 895MB"
"2026-09-17T15:02:37.0709009+00:00","9","r-scylla3","2.87%","517.1MiB / 9.711GiB","180MB / 146MB","41.9MB / 894MB"
"2026-09-17T15:02:40.2268499+00:00","10","r-scylla1","1.34%","589.3MiB / 9.711GiB","180MB / 147MB","363MB / 896MB"
"2026-09-17T15:02:40.2268499+00:00","10","r-scylla2","1.50%","515.7MiB / 9.711GiB","181MB / 145MB","54.4MB / 895MB"
"2026-09-17T15:02:40.2268499+00:00","10","r-scylla3","1.45%","517.4MiB / 9.711GiB","180MB / 146MB","41.9MB / 894MB"
"2026-09-17T15:02:43.2601347+00:00","11","r-scylla1","1.91%","589MiB / 9.711GiB","180MB / 147MB","363MB / 896MB"
"2026-09-17T15:02:43.2601347+00:00","11","r-scylla2","2.18%","515.7MiB / 9.711GiB","181MB / 145MB","54.4MB / 895MB"
"2026-09-17T15:02:43.2601347+00:00","11","r-scylla3","2.99%","517.6MiB / 9.711GiB","180MB / 146MB","41.9MB / 894MB"
"2026-09-17T15:02:46.4422729+00:00","12","r-scylla1","2.73%","588.8MiB / 9.711GiB","180MB / 147MB","363MB / 896MB"
"2026-09-17T15:02:46.4422729+00:00","12","r-scylla2","2.97%","515.6MiB / 9.711GiB","181MB / 145MB","54.4MB / 895MB"
"2026-09-17T15:02:46.4422729+00:00","12","r-scylla3","3.52%","517.1MiB / 9.711GiB","180MB / 146MB","41.9MB / 894MB"
"2026-09-17T15:02:49.6148647+00:00","13","r-scylla1","3.23%","588.8MiB / 9.711GiB","180MB / 147MB","363MB / 896MB"
"2026-09-17T15:02:49.6148647+00:00","13","r-scylla2","3.48%","515.7MiB / 9.711GiB","181MB / 145MB","54.4MB / 895MB"
"2026-09-17T15:02:49.6148647+00:00","13","r-scylla3","3.24%","517.4MiB / 9.711GiB","180MB / 146MB","41.9MB / 894MB"
"2026-09-17T15:02:52.6472870+00:00","14","r-scylla1","3.69%","589MiB / 9.711GiB","180MB / 147MB","363MB / 896MB"
"2026-09-17T15:02:52.6472870+00:00","14","r-scylla2","3.29%","515.7MiB / 9.711GiB","181MB / 145MB","54.4MB / 895MB"
"2026-09-17T15:02:52.6472870+00:00","14","r-scylla3","3.39%","517.4MiB / 9.711GiB","180MB / 146MB","41.9MB / 894MB"
"2026-09-17T15:02:55.8557295+00:00","15","r-scylla1","2.66%","588.8MiB / 9.711GiB","180MB / 147MB","363MB / 896MB"
"2026-09-17T15:02:55.8557295+00:00","15","r-scylla2","3.17%","515.4MiB / 9.711GiB","181MB / 145MB","54.4MB / 895MB"
"2026-09-17T15:02:55.8557295+00:00","15","r-scylla3","2.50%","517.1MiB / 9.711GiB","180MB / 146MB","41.9MB / 894MB"
"2026-09-17T15:02:59.0083253+00:00","16","r-scylla1","3.97%","588.8MiB / 9.711GiB","180MB / 147MB","363MB / 896MB"
"2026-09-17T15:02:59.0083253+00:00","16","r-scylla2","3.75%","515.7MiB / 9.711GiB","181MB / 145MB","54.4MB / 895MB"
"2026-09-17T15:02:59.0083253+00:00","16","r-scylla3","3.49%","517.1MiB / 9.711GiB","180MB / 146MB","41.9MB / 894MB"
"2026-09-17T15:03:02.0344095+00:00","17","r-scylla1","4.49%","589MiB / 9.711GiB","180MB / 147MB","363MB / 896MB"
"2026-09-17T15:03:02.0344095+00:00","17","r-scylla2","4.01%","515.7MiB / 9.711GiB","181MB / 145MB","54.4MB / 895MB"
"2026-09-17T15:03:02.0344095+00:00","17","r-scylla3","4.18%","517.1MiB / 9.711GiB","180MB / 146MB","41.9MB / 894MB"
"2026-09-17T15:03:05.2638563+00:00","18","r-scylla1","2.23%","589.3MiB / 9.711GiB","180MB / 147MB","363MB / 896MB"
"2026-09-17T15:03:05.2638563+00:00","18","r-scylla2","2.22%","515.4MiB / 9.711GiB","181MB / 145MB","54.4MB / 895MB"
"2026-09-17T15:03:05.2638563+00:00","18","r-scylla3","3.21%","517.4MiB / 9.711GiB","180MB / 146MB","41.9MB / 894MB"
"2026-09-17T15:03:08.4609178+00:00","19","r-scylla1","3.88%","589MiB / 9.711GiB","180MB / 147MB","363MB / 896MB"
"2026-09-17T15:03:08.4609178+00:00","19","r-scylla2","3.28%","515.7MiB / 9.711GiB","181MB / 145MB","54.4MB / 895MB"
"2026-09-17T15:03:08.4609178+00:00","19","r-scylla3","3.40%","517.1MiB / 9.711GiB","180MB / 146MB","41.9MB / 894MB"
"2026-09-17T15:03:11.5980703+00:00","20","r-scylla1","3.28%","589.3MiB / 9.711GiB","180MB / 147MB","363MB / 896MB"
"2026-09-17T15:03:11.5980703+00:00","20","r-scylla2","2.85%","515.4MiB / 9.711GiB","181MB / 145MB","54.4MB / 895MB"
"2026-09-17T15:03:11.5980703+00:00","20","r-scylla3","3.52%","517.1MiB / 9.711GiB","180MB / 146MB","41.9MB / 894MB"
"2026-09-17T15:03:14.8434563+00:00","21","r-scylla1","3.62%","589MiB / 9.711GiB","180MB / 147MB","363MB / 896MB"
"2026-09-17T15:03:14.8434563+00:00","21","r-scylla2","3.84%","515.7MiB / 9.711GiB","181MB / 145MB","54.4MB / 895MB"
"2026-09-17T15:03:14.8434563+00:00","21","r-scylla3","4.21%","517.4MiB / 9.711GiB","180MB / 146MB","41.9MB / 894MB"
"2026-09-17T15:03:18.0504513+00:00","22","r-scylla1","3.41%","589.3MiB / 9.711GiB","180MB / 147MB","363MB / 896MB"
"2026-09-17T15:03:18.0504513+00:00","22","r-scylla2","3.46%","515.4MiB / 9.711GiB","182MB / 145MB","54.4MB / 895MB"
"2026-09-17T15:03:18.0504513+00:00","22","r-scylla3","3.24%","517.4MiB / 9.711GiB","180MB / 146MB","41.9MB / 894MB"
"2026-09-17T15:03:21.2474593+00:00","23","r-scylla1","3.17%","589.3MiB / 9.711GiB","180MB / 147MB","363MB / 896MB"
"2026-09-17T15:03:21.2474593+00:00","23","r-scylla2","2.71%","515.4MiB / 9.711GiB","182MB / 145MB","54.4MB / 895MB"
"2026-09-17T15:03:21.2474593+00:00","23","r-scylla3","2.68%","517.4MiB / 9.711GiB","180MB / 146MB","41.9MB / 894MB"
"2026-09-17T15:03:24.4210924+00:00","24","r-scylla1","2.88%","589.3MiB / 9.711GiB","180MB / 148MB","363MB / 896MB"
"2026-09-17T15:03:24.4210924+00:00","24","r-scylla2","2.89%","515.4MiB / 9.711GiB","182MB / 145MB","54.4MB / 895MB"
"2026-09-17T15:03:24.4210924+00:00","24","r-scylla3","2.40%","517.4MiB / 9.711GiB","180MB / 146MB","41.9MB / 894MB"
"2026-09-17T15:03:27.5789636+00:00","25","r-scylla1","2.74%","589MiB / 9.711GiB","180MB / 148MB","363MB / 896MB"
"2026-09-17T15:03:27.5789636+00:00","25","r-scylla2","2.61%","515.4MiB / 9.711GiB","182MB / 145MB","54.4MB / 895MB"
"2026-09-17T15:03:27.5789636+00:00","25","r-scylla3","2.32%","517.4MiB / 9.711GiB","180MB / 146MB","41.9MB / 894MB"
"2026-09-17T15:03:30.7396844+00:00","26","r-scylla1","2.94%","589.3MiB / 9.711GiB","180MB / 148MB","363MB / 896MB"
"2026-09-17T15:03:30.7396844+00:00","26","r-scylla2","3.49%","515.7MiB / 9.711GiB","182MB / 145MB","54.4MB / 895MB"
"2026-09-17T15:03:30.7396844+00:00","26","r-scylla3","3.30%","517.1MiB / 9.711GiB","180MB / 146MB","41.9MB / 894MB"
"2026-09-17T15:03:33.9264601+00:00","27","r-scylla1","3.17%","589.3MiB / 9.711GiB","180MB / 148MB","363MB / 896MB"
"2026-09-17T15:03:33.9264601+00:00","27","r-scylla2","2.87%","515.4MiB / 9.711GiB","182MB / 145MB","54.4MB / 895MB"
"2026-09-17T15:03:33.9264601+00:00","27","r-scylla3","2.57%","517.4MiB / 9.711GiB","180MB / 146MB","41.9MB / 894MB"
"2026-09-17T15:03:37.0984600+00:00","28","r-scylla1","3.18%","589MiB / 9.711GiB","180MB / 148MB","363MB / 896MB"
"2026-09-17T15:03:37.0984600+00:00","28","r-scylla2","4.36%","515.7MiB / 9.711GiB","182MB / 145MB","54.4MB / 895MB"
"2026-09-17T15:03:37.0984600+00:00","28","r-scylla3","4.19%","517.1MiB / 9.711GiB","180MB / 146MB","41.9MB / 894MB"
"2026-09-17T15:03:40.2705257+00:00","29","r-scylla1","2.75%","589.5MiB / 9.711GiB","180MB / 148MB","363MB / 896MB"
"2026-09-17T15:03:40.2705257+00:00","29","r-scylla2","2.92%","515.7MiB / 9.711GiB","182MB / 145MB","54.4MB / 895MB"
"2026-09-17T15:03:40.2705257+00:00","29","r-scylla3","2.69%","517.1MiB / 9.711GiB","180MB / 146MB","41.9MB / 894MB"
"2026-09-17T15:03:43.2775987+00:00","30","r-scylla1","3.58%","588.8MiB / 9.711GiB","180MB / 148MB","363MB / 896MB"
"2026-09-17T15:03:43.2775987+00:00","30","r-scylla2","3.80%","515.4MiB / 9.711GiB","182MB / 145MB","54.4MB / 895MB"
"2026-09-17T15:03:43.2775987+00:00","30","r-scylla3","2.89%","517.1MiB / 9.711GiB","180MB / 146MB","41.9MB / 894MB"
"2026-09-17T15:03:46.4254004+00:00","31","r-scylla1","2.88%","588.8MiB / 9.711GiB","180MB / 148MB","363MB / 896MB"
"2026-09-17T15:03:46.4254004+00:00","31","r-scylla2","4.26%","515.4MiB / 9.711GiB","182MB / 145MB","54.4MB / 895MB"
"2026-09-17T15:03:46.4254004+00:00","31","r-scylla3","4.21%","517.1MiB / 9.711GiB","181MB / 146MB","41.9MB / 894MB"
"2026-09-17T15:03:49.6250315+00:00","32","r-scylla1","1.95%","589.3MiB / 9.711GiB","180MB / 148MB","363MB / 896MB"
"2026-09-17T15:03:49.6250315+00:00","32","r-scylla2","2.21%","515.4MiB / 9.711GiB","182MB / 145MB","54.4MB / 895MB"
"2026-09-17T15:03:49.6250315+00:00","32","r-scylla3","1.83%","517.1MiB / 9.711GiB","181MB / 146MB","41.9MB / 894MB"
"2026-09-17T15:03:52.6573921+00:00","33","r-scylla1","1.91%","589.3MiB / 9.711GiB","180MB / 148MB","363MB / 896MB"
"2026-09-17T15:03:52.6573921+00:00","33","r-scylla2","2.05%","515.4MiB / 9.711GiB","182MB / 145MB","54.4MB / 895MB"
"2026-09-17T15:03:52.6573921+00:00","33","r-scylla3","2.20%","517.1MiB / 9.711GiB","181MB / 146MB","41.9MB / 894MB"
"2026-09-17T15:03:55.7704984+00:00","34","r-scylla1","3.11%","589.3MiB / 9.711GiB","180MB / 148MB","363MB / 896MB"
"2026-09-17T15:03:55.7704984+00:00","34","r-scylla2","3.19%","515.7MiB / 9.711GiB","182MB / 145MB","54.4MB / 895MB"
"2026-09-17T15:03:55.7704984+00:00","34","r-scylla3","3.13%","517.1MiB / 9.711GiB","181MB / 146MB","41.9MB / 894MB"
"2026-09-17T15:03:58.8971339+00:00","35","r-scylla1","3.58%","589.1MiB / 9.711GiB","180MB / 148MB","363MB / 896MB"
"2026-09-17T15:03:58.8971339+00:00","35","r-scylla2","2.74%","515.7MiB / 9.711GiB","182MB / 146MB","54.4MB / 895MB"
"2026-09-17T15:03:58.8971339+00:00","35","r-scylla3","3.08%","517.1MiB / 9.711GiB","181MB / 146MB","41.9MB / 894MB"
"2026-09-17T15:04:01.9211776+00:00","36","r-scylla1","2.41%","589.3MiB / 9.711GiB","180MB / 148MB","363MB / 896MB"
"2026-09-17T15:04:01.9211776+00:00","36","r-scylla2","2.20%","515.4MiB / 9.711GiB","182MB / 146MB","54.4MB / 895MB"
"2026-09-17T15:04:01.9211776+00:00","36","r-scylla3","1.89%","517.4MiB / 9.711GiB","181MB / 146MB","41.9MB / 894MB"
"2026-09-17T15:04:05.0832820+00:00","37","r-scylla1","2.57%","589.6MiB / 9.711GiB","180MB / 148MB","363MB / 896MB"
"2026-09-17T15:04:05.0832820+00:00","37","r-scylla2","2.34%","515.4MiB / 9.711GiB","182MB / 146MB","54.4MB / 895MB"
"2026-09-17T15:04:05.0832820+00:00","37","r-scylla3","2.34%","517.1MiB / 9.711GiB","181MB / 146MB","41.9MB / 894MB"
"2026-09-17T15:04:08.2136705+00:00","38","r-scylla1","2.02%","589.1MiB / 9.711GiB","180MB / 148MB","363MB / 896MB"
"2026-09-17T15:04:08.2136705+00:00","38","r-scylla2","1.42%","515.4MiB / 9.711GiB","182MB / 146MB","54.4MB / 895MB"
"2026-09-17T15:04:08.2136705+00:00","38","r-scylla3","3.34%","517.1MiB / 9.711GiB","181MB / 146MB","41.9MB / 894MB"
"2026-09-17T15:04:11.3499648+00:00","39","r-scylla1","3.56%","589.3MiB / 9.711GiB","180MB / 148MB","363MB / 896MB"
"2026-09-17T15:04:11.3499648+00:00","39","r-scylla2","3.24%","515.7MiB / 9.711GiB","182MB / 146MB","54.4MB / 895MB"
"2026-09-17T15:04:11.3499648+00:00","39","r-scylla3","3.45%","517.4MiB / 9.711GiB","181MB / 146MB","41.9MB / 894MB"
"2026-09-17T15:04:14.5103918+00:00","40","r-scylla1","3.64%","588.8MiB / 9.711GiB","181MB / 148MB","363MB / 896MB"
"2026-09-17T15:04:14.5103918+00:00","40","r-scylla2","3.72%","515.4MiB / 9.711GiB","182MB / 146MB","54.4MB / 895MB"
"2026-09-17T15:04:14.5103918+00:00","40","r-scylla3","4.73%","517.4MiB / 9.711GiB","181MB / 147MB","41.9MB / 894MB"
"2026-09-17T15:04:17.6881686+00:00","41","r-scylla1","2.65%","588.8MiB / 9.711GiB","181MB / 148MB","363MB / 896MB"
"2026-09-17T15:04:17.6881686+00:00","41","r-scylla2","3.21%","515.4MiB / 9.711GiB","182MB / 146MB","54.4MB / 895MB"
"2026-09-17T15:04:17.6881686+00:00","41","r-scylla3","2.88%","517.1MiB / 9.711GiB","181MB / 147MB","41.9MB / 894MB"
"2026-09-17T15:04:20.8670743+00:00","42","r-scylla1","4.40%","589.3MiB / 9.711GiB","181MB / 148MB","363MB / 896MB"
"2026-09-17T15:04:20.8670743+00:00","42","r-scylla2","3.41%","515.7MiB / 9.711GiB","182MB / 146MB","54.4MB / 895MB"
"2026-09-17T15:04:20.8670743+00:00","42","r-scylla3","4.62%","517.1MiB / 9.711GiB","181MB / 147MB","41.9MB / 894MB"
"2026-09-17T15:04:24.0503759+00:00","43","r-scylla1","3.62%","589.1MiB / 9.711GiB","181MB / 148MB","363MB / 896MB"
"2026-09-17T15:04:24.0503759+00:00","43","r-scylla2","3.69%","515.4MiB / 9.711GiB","182MB / 146MB","54.4MB / 895MB"
"2026-09-17T15:04:24.0503759+00:00","43","r-scylla3","3.67%","517.4MiB / 9.711GiB","181MB / 147MB","41.9MB / 894MB"
"2026-09-17T15:04:27.2173148+00:00","44","r-scylla1","3.41%","589.1MiB / 9.711GiB","181MB / 148MB","363MB / 896MB"
"2026-09-17T15:04:27.2173148+00:00","44","r-scylla2","3.30%","515.4MiB / 9.711GiB","182MB / 146MB","54.4MB / 895MB"
"2026-09-17T15:04:27.2173148+00:00","44","r-scylla3","3.35%","517.6MiB / 9.711GiB","181MB / 147MB","41.9MB / 894MB"
"2026-09-17T15:04:30.3929492+00:00","45","r-scylla1","3.17%","586.3MiB / 9.711GiB","181MB / 148MB","363MB / 896MB"
"2026-09-17T15:04:30.3929492+00:00","45","r-scylla2","3.56%","515.3MiB / 9.711GiB","182MB / 146MB","54.5MB / 895MB"
"2026-09-17T15:04:30.3929492+00:00","45","r-scylla3","3.03%","517.1MiB / 9.711GiB","181MB / 147MB","41.9MB / 894MB"
"2026-09-17T15:04:33.4477909+00:00","46","r-scylla1","5.00%","586.3MiB / 9.711GiB","181MB / 148MB","363MB / 896MB"
"2026-09-17T15:04:33.4477909+00:00","46","r-scylla2","3.45%","515.3MiB / 9.711GiB","182MB / 146MB","54.5MB / 895MB"
"2026-09-17T15:04:33.4477909+00:00","46","r-scylla3","3.92%","517.3MiB / 9.711GiB","181MB / 147MB","41.9MB / 894MB"
"2026-09-17T15:04:36.6451940+00:00","47","r-scylla1","3.33%","586MiB / 9.711GiB","181MB / 148MB","363MB / 896MB"
"2026-09-17T15:04:36.6451940+00:00","47","r-scylla2","4.27%","515.6MiB / 9.711GiB","182MB / 147MB","54.5MB / 895MB"
"2026-09-17T15:04:36.6451940+00:00","47","r-scylla3","4.23%","517.1MiB / 9.711GiB","181MB / 147MB","41.9MB / 894MB"
"2026-09-17T15:04:39.8413236+00:00","48","r-scylla1","3.72%","586MiB / 9.711GiB","181MB / 148MB","363MB / 896MB"
"2026-09-17T15:04:39.8413236+00:00","48","r-scylla2","3.79%","515.6MiB / 9.711GiB","182MB / 147MB","54.5MB / 895MB"
"2026-09-17T15:04:39.8413236+00:00","48","r-scylla3","3.20%","517.1MiB / 9.711GiB","181MB / 147MB","41.9MB / 894MB"
"2026-09-17T15:04:42.8585632+00:00","49","r-scylla1","1.92%","586MiB / 9.711GiB","181MB / 148MB","363MB / 896MB"
"2026-09-17T15:04:42.8585632+00:00","49","r-scylla2","2.68%","515.6MiB / 9.711GiB","182MB / 147MB","54.5MB / 895MB"
"2026-09-17T15:04:42.8585632+00:00","49","r-scylla3","3.04%","517.1MiB / 9.711GiB","181MB / 147MB","41.9MB / 894MB"
"2026-09-17T15:04:46.0321493+00:00","50","r-scylla1","3.03%","586MiB / 9.711GiB","181MB / 148MB","363MB / 896MB"
"2026-09-17T15:04:46.0321493+00:00","50","r-scylla2","3.34%","515.3MiB / 9.711GiB","182MB / 147MB","54.5MB / 895MB"
"2026-09-17T15:04:46.0321493+00:00","50","r-scylla3","2.82%","517.4MiB / 9.711GiB","181MB / 147MB","41.9MB / 894MB"
"2026-09-17T15:04:49.1762545+00:00","51","r-scylla1","3.18%","586.3MiB / 9.711GiB","181MB / 148MB","363MB / 896MB"
"2026-09-17T15:04:49.1762545+00:00","51","r-scylla2","2.78%","515.3MiB / 9.711GiB","182MB / 147MB","54.5MB / 895MB"
"2026-09-17T15:04:49.1762545+00:00","51","r-scylla3","2.89%","517.3MiB / 9.711GiB","181MB / 147MB","41.9MB / 894MB"
"2026-09-17T15:04:52.2260805+00:00","52","r-scylla1","3.94%","586.3MiB / 9.711GiB","181MB / 148MB","363MB / 896MB"
"2026-09-17T15:04:52.2260805+00:00","52","r-scylla2","3.60%","515.3MiB / 9.711GiB","182MB / 147MB","54.5MB / 895MB"
"2026-09-17T15:04:52.2260805+00:00","52","r-scylla3","2.64%","517.3MiB / 9.711GiB","182MB / 147MB","41.9MB / 894MB"
"2026-09-17T15:04:55.3473331+00:00","53","r-scylla1","1.56%","586.3MiB / 9.711GiB","181MB / 148MB","363MB / 896MB"
"2026-09-17T15:04:55.3473331+00:00","53","r-scylla2","1.74%","515.6MiB / 9.711GiB","182MB / 147MB","54.5MB / 895MB"
"2026-09-17T15:04:55.3473331+00:00","53","r-scylla3","2.33%","517.3MiB / 9.711GiB","182MB / 147MB","41.9MB / 894MB"
"2026-09-17T15:04:58.4639502+00:00","54","r-scylla1","6.41%","586.3MiB / 9.711GiB","181MB / 149MB","363MB / 896MB"
"2026-09-17T15:04:58.4639502+00:00","54","r-scylla2","4.84%","515.3MiB / 9.711GiB","182MB / 147MB","54.5MB / 895MB"
"2026-09-17T15:04:58.4639502+00:00","54","r-scylla3","5.41%","517.3MiB / 9.711GiB","182MB / 147MB","41.9MB / 894MB"
"2026-09-17T15:05:01.6454091+00:00","55","r-scylla1","8.39%","586.1MiB / 9.711GiB","181MB / 149MB","363MB / 896MB"
"2026-09-17T15:05:01.6454091+00:00","55","r-scylla2","5.63%","515.8MiB / 9.711GiB","182MB / 147MB","54.5MB / 895MB"
"2026-09-17T15:05:01.6454091+00:00","55","r-scylla3","8.19%","517.1MiB / 9.711GiB","182MB / 147MB","41.9MB / 894MB"
"2026-09-17T15:05:04.8511349+00:00","56","r-scylla1","5.33%","586.5MiB / 9.711GiB","181MB / 149MB","363MB / 896MB"
"2026-09-17T15:05:04.8511349+00:00","56","r-scylla2","7.16%","515.6MiB / 9.711GiB","182MB / 148MB","54.5MB / 895MB"
"2026-09-17T15:05:04.8511349+00:00","56","r-scylla3","6.69%","517.1MiB / 9.711GiB","182MB / 147MB","41.9MB / 894MB"
"2026-09-17T15:05:08.0522239+00:00","57","r-scylla1","5.69%","586MiB / 9.711GiB","182MB / 149MB","363MB / 896MB"
"2026-09-17T15:05:08.0522239+00:00","57","r-scylla2","5.99%","515.3MiB / 9.711GiB","182MB / 148MB","54.5MB / 895MB"
"2026-09-17T15:05:08.0522239+00:00","57","r-scylla3","6.50%","517.4MiB / 9.711GiB","182MB / 147MB","41.9MB / 894MB"
"2026-09-17T15:05:11.2434913+00:00","58","r-scylla1","7.38%","586.3MiB / 9.711GiB","182MB / 149MB","363MB / 896MB"
"2026-09-17T15:05:11.2434913+00:00","58","r-scylla2","8.01%","515.3MiB / 9.711GiB","183MB / 148MB","54.5MB / 895MB"
"2026-09-17T15:05:11.2434913+00:00","58","r-scylla3","4.43%","517.4MiB / 9.711GiB","182MB / 148MB","41.9MB / 894MB"
"2026-09-17T15:05:14.4403437+00:00","59","r-scylla1","6.20%","586.1MiB / 9.711GiB","182MB / 149MB","363MB / 896MB"
"2026-09-17T15:05:14.4403437+00:00","59","r-scylla2","6.04%","515.3MiB / 9.711GiB","183MB / 148MB","54.5MB / 895MB"
"2026-09-17T15:05:14.4403437+00:00","59","r-scylla3","6.34%","517.4MiB / 9.711GiB","182MB / 148MB","41.9MB / 894MB"
"2026-09-17T15:05:17.6665229+00:00","60","r-scylla1","5.92%","586.1MiB / 9.711GiB","182MB / 150MB","363MB / 896MB"
"2026-09-17T15:05:17.6665229+00:00","60","r-scylla2","5.89%","515.3MiB / 9.711GiB","183MB / 148MB","54.5MB / 895MB"
"2026-09-17T15:05:17.6665229+00:00","60","r-scylla3","6.24%","517.1MiB / 9.711GiB","182MB / 148MB","41.9MB / 894MB"
"2026-09-17T15:05:20.8446018+00:00","61","r-scylla1","4.98%","586.3MiB / 9.711GiB","182MB / 150MB","363MB / 896MB"
"2026-09-17T15:05:20.8446018+00:00","61","r-scylla2","5.93%","515.6MiB / 9.711GiB","183MB / 148MB","54.5MB / 895MB"
"2026-09-17T15:05:20.8446018+00:00","61","r-scylla3","6.21%","517.1MiB / 9.711GiB","182MB / 148MB","41.9MB / 894MB"
"2026-09-17T15:05:24.0034163+00:00","62","r-scylla1","6.03%","586.3MiB / 9.711GiB","182MB / 150MB","363MB / 896MB"
"2026-09-17T15:05:24.0034163+00:00","62","r-scylla2","8.07%","515.3MiB / 9.711GiB","183MB / 149MB","54.5MB / 895MB"
"2026-09-17T15:05:24.0034163+00:00","62","r-scylla3","4.82%","517.4MiB / 9.711GiB","182MB / 148MB","41.9MB / 894MB"
"2026-09-17T15:05:27.1528708+00:00","63","r-scylla1","5.74%","586.1MiB / 9.711GiB","182MB / 150MB","363MB / 896MB"
"2026-09-17T15:05:27.1528708+00:00","63","r-scylla2","5.60%","515.3MiB / 9.711GiB","183MB / 149MB","54.5MB / 895MB"
"2026-09-17T15:05:27.1528708+00:00","63","r-scylla3","4.48%","517.3MiB / 9.711GiB","182MB / 148MB","41.9MB / 894MB"
"2026-09-17T15:05:30.3443239+00:00","64","r-scylla1","3.35%","586MiB / 9.711GiB","182MB / 150MB","363MB / 896MB"
"2026-09-17T15:05:30.3443239+00:00","64","r-scylla2","3.32%","515.3MiB / 9.711GiB","183MB / 149MB","54.5MB / 895MB"
"2026-09-17T15:05:30.3443239+00:00","64","r-scylla3","2.56%","517.1MiB / 9.711GiB","183MB / 148MB","41.9MB / 894MB"
"2026-09-17T15:05:33.4060235+00:00","65","r-scylla1","3.71%","586.5MiB / 9.711GiB","182MB / 150MB","363MB / 896MB"
"2026-09-17T15:05:33.4060235+00:00","65","r-scylla2","2.89%","515.3MiB / 9.711GiB","183MB / 149MB","54.5MB / 895MB"
"2026-09-17T15:05:33.4060235+00:00","65","r-scylla3","2.58%","517.1MiB / 9.711GiB","183MB / 148MB","41.9MB / 894MB"
"2026-09-17T15:05:36.5723019+00:00","66","r-scylla1","3.07%","586MiB / 9.711GiB","182MB / 150MB","363MB / 896MB"
"2026-09-17T15:05:36.5723019+00:00","66","r-scylla2","3.88%","515.3MiB / 9.711GiB","183MB / 149MB","54.5MB / 895MB"
"2026-09-17T15:05:36.5723019+00:00","66","r-scylla3","2.67%","517.1MiB / 9.711GiB","183MB / 148MB","41.9MB / 894MB"
"2026-09-17T15:05:39.7428042+00:00","67","r-scylla1","2.83%","586.3MiB / 9.711GiB","182MB / 150MB","363MB / 896MB"
"2026-09-17T15:05:39.7428042+00:00","67","r-scylla2","3.02%","515.3MiB / 9.711GiB","183MB / 149MB","54.5MB / 895MB"
"2026-09-17T15:05:39.7428042+00:00","67","r-scylla3","2.39%","517.4MiB / 9.711GiB","183MB / 148MB","41.9MB / 894MB"
"2026-09-17T15:05:42.7656937+00:00","68","r-scylla1","3.45%","586.8MiB / 9.711GiB","182MB / 150MB","363MB / 896MB"
"2026-09-17T15:05:42.7656937+00:00","68","r-scylla2","3.46%","515.3MiB / 9.711GiB","183MB / 149MB","54.5MB / 895MB"
"2026-09-17T15:05:42.7656937+00:00","68","r-scylla3","2.63%","517.4MiB / 9.711GiB","183MB / 148MB","41.9MB / 894MB"
"2026-09-17T15:05:45.9547122+00:00","69","r-scylla1","2.82%","586.3MiB / 9.711GiB","182MB / 150MB","363MB / 896MB"
"2026-09-17T15:05:45.9547122+00:00","69","r-scylla2","3.10%","515.3MiB / 9.711GiB","183MB / 149MB","54.5MB / 895MB"
"2026-09-17T15:05:45.9547122+00:00","69","r-scylla3","3.07%","517.3MiB / 9.711GiB","183MB / 148MB","41.9MB / 894MB"
"2026-09-17T15:05:49.0862540+00:00","70","r-scylla1","3.76%","586.3MiB / 9.711GiB","182MB / 150MB","363MB / 896MB"
"2026-09-17T15:05:49.0862540+00:00","70","r-scylla2","3.09%","515.6MiB / 9.711GiB","183MB / 149MB","54.5MB / 895MB"
"2026-09-17T15:05:49.0862540+00:00","70","r-scylla3","2.76%","517.6MiB / 9.711GiB","183MB / 148MB","41.9MB / 894MB"
"2026-09-17T15:05:52.1304221+00:00","71","r-scylla1","2.58%","586.3MiB / 9.711GiB","182MB / 150MB","363MB / 896MB"
"2026-09-17T15:05:52.1304221+00:00","71","r-scylla2","2.42%","515.6MiB / 9.711GiB","183MB / 149MB","54.5MB / 895MB"
"2026-09-17T15:05:52.1304221+00:00","71","r-scylla3","1.80%","517.3MiB / 9.711GiB","183MB / 148MB","41.9MB / 894MB"
"2026-09-17T15:05:55.2314786+00:00","72","r-scylla1","3.35%","586.3MiB / 9.711GiB","183MB / 150MB","363MB / 896MB"
"2026-09-17T15:05:55.2314786+00:00","72","r-scylla2","3.31%","515.6MiB / 9.711GiB","183MB / 150MB","54.5MB / 895MB"
"2026-09-17T15:05:55.2314786+00:00","72","r-scylla3","3.02%","517.4MiB / 9.711GiB","183MB / 148MB","41.9MB / 894MB"
"2026-09-17T15:05:58.3966413+00:00","73","r-scylla1","3.39%","586MiB / 9.711GiB","183MB / 150MB","363MB / 896MB"
"2026-09-17T15:05:58.3966413+00:00","73","r-scylla2","3.36%","515.3MiB / 9.711GiB","183MB / 150MB","54.5MB / 895MB"
"2026-09-17T15:05:58.3966413+00:00","73","r-scylla3","2.35%","517.1MiB / 9.711GiB","183MB / 148MB","41.9MB / 894MB"
"2026-09-17T15:06:01.5360834+00:00","74","r-scylla1","3.76%","586.3MiB / 9.711GiB","183MB / 150MB","363MB / 896MB"
"2026-09-17T15:06:01.5360834+00:00","74","r-scylla2","3.95%","515.6MiB / 9.711GiB","183MB / 150MB","54.5MB / 895MB"
"2026-09-17T15:06:01.5360834+00:00","74","r-scylla3","3.18%","517.1MiB / 9.711GiB","183MB / 149MB","41.9MB / 894MB"
"2026-09-17T15:06:04.7089797+00:00","75","r-scylla1","3.13%","586.3MiB / 9.711GiB","183MB / 150MB","363MB / 896MB"
"2026-09-17T15:06:04.7089797+00:00","75","r-scylla2","4.10%","515.3MiB / 9.711GiB","183MB / 150MB","54.5MB / 895MB"
"2026-09-17T15:06:04.7089797+00:00","75","r-scylla3","3.22%","517.1MiB / 9.711GiB","183MB / 149MB","41.9MB / 894MB"
"2026-09-17T15:06:07.8608334+00:00","76","r-scylla1","2.03%","586.3MiB / 9.711GiB","183MB / 150MB","363MB / 896MB"
"2026-09-17T15:06:07.8608334+00:00","76","r-scylla2","2.09%","515.6MiB / 9.711GiB","183MB / 150MB","54.5MB / 895MB"
"2026-09-17T15:06:07.8608334+00:00","76","r-scylla3","4.24%","517.1MiB / 9.711GiB","183MB / 149MB","41.9MB / 894MB"
"2026-09-17T15:06:11.0610585+00:00","77","r-scylla1","3.63%","586.3MiB / 9.711GiB","183MB / 150MB","363MB / 896MB"
"2026-09-17T15:06:11.0610585+00:00","77","r-scylla2","3.99%","515.6MiB / 9.711GiB","183MB / 150MB","54.5MB / 895MB"
"2026-09-17T15:06:11.0610585+00:00","77","r-scylla3","3.39%","517.1MiB / 9.711GiB","183MB / 149MB","41.9MB / 894MB"
"2026-09-17T15:06:14.2727468+00:00","78","r-scylla1","3.17%","586.3MiB / 9.711GiB","183MB / 150MB","363MB / 896MB"
"2026-09-17T15:06:14.2727468+00:00","78","r-scylla2","3.54%","515.8MiB / 9.711GiB","183MB / 150MB","54.5MB / 895MB"
"2026-09-17T15:06:14.2727468+00:00","78","r-scylla3","3.44%","517.3MiB / 9.711GiB","183MB / 149MB","41.9MB / 894MB"
"2026-09-17T15:06:17.4385860+00:00","79","r-scylla1","3.37%","586.3MiB / 9.711GiB","183MB / 150MB","363MB / 896MB"
"2026-09-17T15:06:17.4385860+00:00","79","r-scylla2","3.36%","515.6MiB / 9.711GiB","183MB / 150MB","54.5MB / 895MB"
"2026-09-17T15:06:17.4385860+00:00","79","r-scylla3","3.75%","517.1MiB / 9.711GiB","183MB / 149MB","41.9MB / 894MB"
"2026-09-17T15:06:20.6838220+00:00","80","r-scylla1","3.67%","586.3MiB / 9.711GiB","183MB / 150MB","363MB / 896MB"
"2026-09-17T15:06:20.6838220+00:00","80","r-scylla2","3.94%","515.8MiB / 9.711GiB","183MB / 150MB","54.5MB / 895MB"
"2026-09-17T15:06:20.6838220+00:00","80","r-scylla3","3.51%","517.3MiB / 9.711GiB","183MB / 149MB","41.9MB / 894MB"
"2026-09-17T15:06:23.6834344+00:00","81","r-scylla1","3.53%","586.3MiB / 9.711GiB","183MB / 150MB","363MB / 896MB"
"2026-09-17T15:06:23.6834344+00:00","81","r-scylla2","3.87%","515.3MiB / 9.711GiB","183MB / 150MB","54.5MB / 895MB"
"2026-09-17T15:06:23.6834344+00:00","81","r-scylla3","3.13%","517.4MiB / 9.711GiB","183MB / 149MB","41.9MB / 894MB"
"2026-09-17T15:06:26.8939768+00:00","82","r-scylla1","2.68%","586.3MiB / 9.711GiB","183MB / 150MB","363MB / 896MB"
"2026-09-17T15:06:26.8939768+00:00","82","r-scylla2","3.19%","515.3MiB / 9.711GiB","183MB / 150MB","54.5MB / 895MB"
"2026-09-17T15:06:26.8939768+00:00","82","r-scylla3","3.74%","517.4MiB / 9.711GiB","183MB / 149MB","41.9MB / 894MB"
"2026-09-17T15:06:30.1172783+00:00","83","r-scylla1","3.94%","586MiB / 9.711GiB","183MB / 150MB","363MB / 896MB"
"2026-09-17T15:06:30.1172783+00:00","83","r-scylla2","4.02%","515.3MiB / 9.711GiB","183MB / 150MB","54.5MB / 895MB"
"2026-09-17T15:06:30.1172783+00:00","83","r-scylla3","3.32%","517.3MiB / 9.711GiB","183MB / 149MB","41.9MB / 894MB"
"2026-09-17T15:06:33.1295058+00:00","84","r-scylla1","3.83%","586MiB / 9.711GiB","183MB / 151MB","363MB / 896MB"
"2026-09-17T15:06:33.1295058+00:00","84","r-scylla2","3.75%","515.6MiB / 9.711GiB","183MB / 151MB","54.5MB / 895MB"
"2026-09-17T15:06:33.1295058+00:00","84","r-scylla3","3.12%","517.1MiB / 9.711GiB","183MB / 149MB","41.9MB / 894MB"
"2026-09-17T15:06:36.3262683+00:00","85","r-scylla1","2.96%","586.1MiB / 9.711GiB","183MB / 151MB","363MB / 896MB"
"2026-09-17T15:06:36.3262683+00:00","85","r-scylla2","3.28%","515.3MiB / 9.711GiB","183MB / 151MB","54.5MB / 895MB"
"2026-09-17T15:06:36.3262683+00:00","85","r-scylla3","2.92%","517.1MiB / 9.711GiB","183MB / 149MB","41.9MB / 894MB"
"2026-09-17T15:06:39.5184959+00:00","86","r-scylla1","3.14%","586MiB / 9.711GiB","183MB / 151MB","363MB / 896MB"
"2026-09-17T15:06:39.5184959+00:00","86","r-scylla2","2.67%","515.3MiB / 9.711GiB","183MB / 151MB","54.5MB / 895MB"
"2026-09-17T15:06:39.5184959+00:00","86","r-scylla3","2.59%","517.1MiB / 9.711GiB","184MB / 149MB","41.9MB / 894MB"
"2026-09-17T15:06:42.5596567+00:00","87","r-scylla1","4.54%","586.3MiB / 9.711GiB","183MB / 151MB","363MB / 896MB"
"2026-09-17T15:06:42.5596567+00:00","87","r-scylla2","4.24%","515.4MiB / 9.711GiB","183MB / 151MB","54.5MB / 895MB"
"2026-09-17T15:06:42.5596567+00:00","87","r-scylla3","3.48%","517.1MiB / 9.711GiB","184MB / 149MB","41.9MB / 894MB"
"2026-09-17T15:06:45.7763258+00:00","88","r-scylla1","3.70%","586MiB / 9.711GiB","183MB / 151MB","363MB / 896MB"
"2026-09-17T15:06:45.7763258+00:00","88","r-scylla2","4.08%","515.6MiB / 9.711GiB","183MB / 151MB","54.5MB / 895MB"
"2026-09-17T15:06:45.7763258+00:00","88","r-scylla3","4.01%","517.4MiB / 9.711GiB","184MB / 149MB","41.9MB / 894MB"
"2026-09-17T15:06:48.9858508+00:00","89","r-scylla1","5.17%","586.3MiB / 9.711GiB","183MB / 151MB","363MB / 896MB"
"2026-09-17T15:06:48.9858508+00:00","89","r-scylla2","4.15%","515.6MiB / 9.711GiB","184MB / 151MB","54.5MB / 895MB"
"2026-09-17T15:06:48.9858508+00:00","89","r-scylla3","3.88%","517.1MiB / 9.711GiB","184MB / 149MB","41.9MB / 894MB"
"2026-09-17T15:06:52.0321500+00:00","90","r-scylla1","3.87%","586.5MiB / 9.711GiB","183MB / 151MB","363MB / 896MB"
"2026-09-17T15:06:52.0321500+00:00","90","r-scylla2","4.07%","515.6MiB / 9.711GiB","184MB / 151MB","54.5MB / 895MB"
"2026-09-17T15:06:52.0321500+00:00","90","r-scylla3","4.48%","517.3MiB / 9.711GiB","184MB / 149MB","41.9MB / 894MB"
"2026-09-17T15:06:55.2467948+00:00","91","r-scylla1","3.66%","586.3MiB / 9.711GiB","183MB / 151MB","363MB / 896MB"
"2026-09-17T15:06:55.2467948+00:00","91","r-scylla2","3.88%","515.3MiB / 9.711GiB","184MB / 151MB","54.5MB / 895MB"
"2026-09-17T15:06:55.2467948+00:00","91","r-scylla3","3.49%","517.4MiB / 9.711GiB","184MB / 149MB","41.9MB / 894MB"
"2026-09-17T15:06:58.4437394+00:00","92","r-scylla1","5.46%","586MiB / 9.711GiB","183MB / 151MB","363MB / 896MB"
"2026-09-17T15:06:58.4437394+00:00","92","r-scylla2","4.32%","515.3MiB / 9.711GiB","184MB / 151MB","54.5MB / 895MB"
"2026-09-17T15:06:58.4437394+00:00","92","r-scylla3","3.28%","517.1MiB / 9.711GiB","184MB / 149MB","41.9MB / 894MB"
"2026-09-17T15:07:01.6522261+00:00","93","r-scylla1","3.45%","586.3MiB / 9.711GiB","183MB / 151MB","363MB / 896MB"
"2026-09-17T15:07:01.6522261+00:00","93","r-scylla2","3.84%","515.3MiB / 9.711GiB","184MB / 151MB","54.5MB / 895MB"
"2026-09-17T15:07:01.6522261+00:00","93","r-scylla3","3.72%","517.1MiB / 9.711GiB","184MB / 149MB","41.9MB / 894MB"
"2026-09-17T15:07:04.8974285+00:00","94","r-scylla1","3.60%","586.1MiB / 9.711GiB","184MB / 151MB","363MB / 896MB"
"2026-09-17T15:07:04.8974285+00:00","94","r-scylla2","3.94%","515.6MiB / 9.711GiB","184MB / 151MB","54.5MB / 895MB"
"2026-09-17T15:07:04.8974285+00:00","94","r-scylla3","3.62%","517.1MiB / 9.711GiB","184MB / 149MB","41.9MB / 894MB"
"2026-09-17T15:07:08.1180516+00:00","95","r-scylla1","4.91%","586MiB / 9.711GiB","184MB / 151MB","363MB / 896MB"
"2026-09-17T15:07:08.1180516+00:00","95","r-scylla2","3.83%","515.4MiB / 9.711GiB","184MB / 151MB","54.5MB / 895MB"
"2026-09-17T15:07:08.1180516+00:00","95","r-scylla3","4.49%","517.1MiB / 9.711GiB","184MB / 149MB","41.9MB / 894MB"
"2026-09-17T15:07:11.3161735+00:00","96","r-scylla1","3.10%","586MiB / 9.711GiB","184MB / 151MB","363MB / 896MB"
"2026-09-17T15:07:11.3161735+00:00","96","r-scylla2","3.69%","515.8MiB / 9.711GiB","184MB / 152MB","54.5MB / 895MB"
"2026-09-17T15:07:11.3161735+00:00","96","r-scylla3","2.89%","517.4MiB / 9.711GiB","184MB / 149MB","41.9MB / 894MB"
"2026-09-17T15:07:14.5469569+00:00","97","r-scylla1","4.28%","586MiB / 9.711GiB","184MB / 151MB","363MB / 896MB"
"2026-09-17T15:07:14.5469569+00:00","97","r-scylla2","3.71%","515.6MiB / 9.711GiB","184MB / 152MB","54.5MB / 895MB"
"2026-09-17T15:07:14.5469569+00:00","97","r-scylla3","5.04%","517.6MiB / 9.711GiB","184MB / 149MB","41.9MB / 894MB"
"2026-09-17T15:07:17.7434386+00:00","98","r-scylla1","4.16%","586MiB / 9.711GiB","184MB / 151MB","363MB / 896MB"
"2026-09-17T15:07:17.7434386+00:00","98","r-scylla2","4.77%","515.3MiB / 9.711GiB","184MB / 152MB","54.5MB / 895MB"
"2026-09-17T15:07:17.7434386+00:00","98","r-scylla3","4.69%","517.1MiB / 9.711GiB","184MB / 149MB","41.9MB / 894MB"
"2026-09-17T15:07:21.0047035+00:00","99","r-scylla1","2.79%","586.1MiB / 9.711GiB","184MB / 151MB","363MB / 896MB"
"2026-09-17T15:07:21.0047035+00:00","99","r-scylla2","2.80%","516.3MiB / 9.711GiB","184MB / 152MB","54.5MB / 895MB"
"2026-09-17T15:07:21.0047035+00:00","99","r-scylla3","2.80%","517.1MiB / 9.711GiB","184MB / 149MB","41.9MB / 894MB"
"2026-09-17T15:07:24.2197576+00:00","100","r-scylla1","3.37%","586.1MiB / 9.711GiB","184MB / 151MB","363MB / 896MB"
"2026-09-17T15:07:24.2197576+00:00","100","r-scylla2","3.24%","515.8MiB / 9.711GiB","184MB / 152MB","54.5MB / 895MB"
"2026-09-17T15:07:24.2197576+00:00","100","r-scylla3","3.28%","517.4MiB / 9.711GiB","184MB / 149MB","41.9MB / 894MB"
"2026-09-17T15:07:27.4395321+00:00","101","r-scylla1","3.31%","586MiB / 9.711GiB","184MB / 151MB","363MB / 896MB"
"2026-09-17T15:07:27.4395321+00:00","101","r-scylla2","3.12%","515.3MiB / 9.711GiB","184MB / 152MB","54.5MB / 895MB"
"2026-09-17T15:07:27.4395321+00:00","101","r-scylla3","4.49%","517.4MiB / 9.711GiB","184MB / 149MB","41.9MB / 894MB"
"2026-09-17T15:07:30.6711371+00:00","102","r-scylla1","3.84%","586.1MiB / 9.711GiB","184MB / 151MB","363MB / 896MB"
"2026-09-17T15:07:30.6711371+00:00","102","r-scylla2","3.79%","515.3MiB / 9.711GiB","184MB / 152MB","54.5MB / 895MB"
"2026-09-17T15:07:30.6711371+00:00","102","r-scylla3","3.65%","517.4MiB / 9.711GiB","184MB / 149MB","41.9MB / 894MB"
"2026-09-17T15:07:33.7206964+00:00","103","r-scylla1","3.49%","586.6MiB / 9.711GiB","184MB / 151MB","363MB / 896MB"
"2026-09-17T15:07:33.7206964+00:00","103","r-scylla2","3.44%","515.3MiB / 9.711GiB","184MB / 152MB","54.5MB / 895MB"
"2026-09-17T15:07:33.7206964+00:00","103","r-scylla3","3.33%","517.4MiB / 9.711GiB","184MB / 149MB","41.9MB / 894MB"
"2026-09-17T15:07:36.9036407+00:00","104","r-scylla1","3.36%","586MiB / 9.711GiB","184MB / 151MB","363MB / 896MB"
"2026-09-17T15:07:36.9036407+00:00","104","r-scylla2","4.52%","515.6MiB / 9.711GiB","184MB / 152MB","54.5MB / 895MB"
"2026-09-17T15:07:36.9036407+00:00","104","r-scylla3","3.64%","517.1MiB / 9.711GiB","184MB / 149MB","41.9MB / 894MB"
"2026-09-17T15:07:40.0984067+00:00","105","r-scylla1","3.17%","586MiB / 9.711GiB","184MB / 151MB","363MB / 896MB"
"2026-09-17T15:07:40.0984067+00:00","105","r-scylla2","3.75%","515.6MiB / 9.711GiB","184MB / 152MB","54.5MB / 895MB"
"2026-09-17T15:07:40.0984067+00:00","105","r-scylla3","3.47%","517.1MiB / 9.711GiB","184MB / 149MB","41.9MB / 894MB"
"2026-09-17T15:07:43.2036864+00:00","106","r-scylla1","2.79%","586MiB / 9.711GiB","184MB / 151MB","363MB / 896MB"
"2026-09-17T15:07:43.2036864+00:00","106","r-scylla2","3.13%","515.6MiB / 9.711GiB","184MB / 152MB","54.5MB / 895MB"
"2026-09-17T15:07:43.2036864+00:00","106","r-scylla3","2.51%","517.1MiB / 9.711GiB","184MB / 149MB","41.9MB / 894MB"
"2026-09-17T15:07:46.3639362+00:00","107","r-scylla1","2.72%","586.1MiB / 9.711GiB","184MB / 151MB","363MB / 896MB"
"2026-09-17T15:07:46.3639362+00:00","107","r-scylla2","3.47%","515.6MiB / 9.711GiB","184MB / 152MB","54.5MB / 895MB"
"2026-09-17T15:07:46.3639362+00:00","107","r-scylla3","2.73%","517.1MiB / 9.711GiB","185MB / 150MB","41.9MB / 894MB"
"2026-09-17T15:07:49.5250155+00:00","108","r-scylla1","1.95%","586MiB / 9.711GiB","184MB / 151MB","363MB / 896MB"
"2026-09-17T15:07:49.5250155+00:00","108","r-scylla2","1.99%","515.3MiB / 9.711GiB","184MB / 153MB","54.5MB / 895MB"
"2026-09-17T15:07:49.5250155+00:00","108","r-scylla3","2.08%","517.3MiB / 9.711GiB","185MB / 150MB","41.9MB / 894MB"
"2026-09-17T15:07:52.5550388+00:00","109","r-scylla1","3.47%","586MiB / 9.711GiB","184MB / 151MB","363MB / 896MB"
"2026-09-17T15:07:52.5550388+00:00","109","r-scylla2","2.50%","515.8MiB / 9.711GiB","184MB / 153MB","54.5MB / 895MB"
"2026-09-17T15:07:52.5550388+00:00","109","r-scylla3","1.68%","517.4MiB / 9.711GiB","185MB / 150MB","41.9MB / 894MB"
"2026-09-17T15:07:55.7020484+00:00","110","r-scylla1","2.76%","586.3MiB / 9.711GiB","184MB / 151MB","363MB / 896MB"
"2026-09-17T15:07:55.7020484+00:00","110","r-scylla2","2.99%","515.3MiB / 9.711GiB","184MB / 153MB","54.5MB / 895MB"
"2026-09-17T15:07:55.7020484+00:00","110","r-scylla3","2.26%","517.6MiB / 9.711GiB","185MB / 150MB","41.9MB / 894MB"
"2026-09-17T15:07:58.8775052+00:00","111","r-scylla1","3.36%","586MiB / 9.711GiB","184MB / 151MB","363MB / 896MB"
"2026-09-17T15:07:58.8775052+00:00","111","r-scylla2","2.71%","515.3MiB / 9.711GiB","184MB / 153MB","54.5MB / 895MB"
"2026-09-17T15:07:58.8775052+00:00","111","r-scylla3","2.64%","517.1MiB / 9.711GiB","185MB / 150MB","41.9MB / 894MB"
"2026-09-17T15:08:01.9175770+00:00","112","r-scylla1","2.67%","586MiB / 9.711GiB","184MB / 151MB","363MB / 896MB"
"2026-09-17T15:08:01.9175770+00:00","112","r-scylla2","2.74%","515.3MiB / 9.711GiB","184MB / 153MB","54.5MB / 895MB"
"2026-09-17T15:08:01.9175770+00:00","112","r-scylla3","3.01%","517.1MiB / 9.711GiB","185MB / 150MB","41.9MB / 894MB"
"2026-09-17T15:08:05.0926727+00:00","113","r-scylla1","1.86%","586.1MiB / 9.711GiB","184MB / 151MB","363MB / 896MB"
"2026-09-17T15:08:05.0926727+00:00","113","r-scylla2","2.19%","515.3MiB / 9.711GiB","184MB / 153MB","54.5MB / 895MB"
"2026-09-17T15:08:05.0926727+00:00","113","r-scylla3","2.77%","517.4MiB / 9.711GiB","185MB / 150MB","41.9MB / 894MB"
"2026-09-17T15:08:08.2674662+00:00","114","r-scylla1","3.00%","586MiB / 9.711GiB","184MB / 151MB","363MB / 896MB"
"2026-09-17T15:08:08.2674662+00:00","114","r-scylla2","2.79%","515.3MiB / 9.711GiB","184MB / 153MB","54.5MB / 895MB"
"2026-09-17T15:08:08.2674662+00:00","114","r-scylla3","2.17%","517.3MiB / 9.711GiB","185MB / 150MB","41.9MB / 894MB"
"2026-09-17T15:08:11.4897338+00:00","115","r-scylla1","3.16%","586MiB / 9.711GiB","185MB / 151MB","363MB / 896MB"
"2026-09-17T15:08:11.4897338+00:00","115","r-scylla2","1.89%","515.3MiB / 9.711GiB","184MB / 153MB","54.5MB / 895MB"
"2026-09-17T15:08:11.4897338+00:00","115","r-scylla3","2.04%","517.3MiB / 9.711GiB","185MB / 150MB","41.9MB / 894MB"
"2026-09-17T15:08:14.6220617+00:00","116","r-scylla1","2.67%","586.3MiB / 9.711GiB","185MB / 152MB","363MB / 896MB"
"2026-09-17T15:08:14.6220617+00:00","116","r-scylla2","2.89%","515.6MiB / 9.711GiB","184MB / 153MB","54.5MB / 895MB"
"2026-09-17T15:08:14.6220617+00:00","116","r-scylla3","4.29%","517.1MiB / 9.711GiB","185MB / 150MB","41.9MB / 894MB"
"2026-09-17T15:08:17.7572407+00:00","117","r-scylla1","2.58%","586MiB / 9.711GiB","185MB / 152MB","363MB / 896MB"
"2026-09-17T15:08:17.7572407+00:00","117","r-scylla2","2.82%","515.6MiB / 9.711GiB","184MB / 153MB","54.5MB / 895MB"
"2026-09-17T15:08:17.7572407+00:00","117","r-scylla3","2.44%","517.1MiB / 9.711GiB","185MB / 150MB","41.9MB / 894MB"
"2026-09-17T15:08:20.9932793+00:00","118","r-scylla1","2.73%","586.1MiB / 9.711GiB","185MB / 152MB","363MB / 896MB"
"2026-09-17T15:08:20.9932793+00:00","118","r-scylla2","2.05%","515.8MiB / 9.711GiB","184MB / 153MB","54.5MB / 895MB"
"2026-09-17T15:08:20.9932793+00:00","118","r-scylla3","1.57%","517.1MiB / 9.711GiB","185MB / 150MB","41.9MB / 894MB"
"2026-09-17T15:08:24.1452283+00:00","119","r-scylla1","2.87%","586.1MiB / 9.711GiB","185MB / 152MB","363MB / 896MB"
"2026-09-17T15:08:24.1452283+00:00","119","r-scylla2","2.96%","515.6MiB / 9.711GiB","184MB / 153MB","54.5MB / 895MB"
"2026-09-17T15:08:24.1452283+00:00","119","r-scylla3","3.22%","517.1MiB / 9.711GiB","185MB / 150MB","41.9MB / 894MB"
"2026-09-17T15:08:27.3199051+00:00","120","r-scylla1","2.50%","586.3MiB / 9.711GiB","185MB / 152MB","363MB / 896MB"
"2026-09-17T15:08:27.3199051+00:00","120","r-scylla2","2.58%","515.6MiB / 9.711GiB","184MB / 153MB","54.5MB / 895MB"
"2026-09-17T15:08:27.3199051+00:00","120","r-scylla3","2.95%","517.6MiB / 9.711GiB","185MB / 150MB","41.9MB / 894MB"
"2026-09-17T15:08:30.5017911+00:00","121","r-scylla1","3.41%","586MiB / 9.711GiB","185MB / 152MB","363MB / 896MB"
"2026-09-17T15:08:30.5017911+00:00","121","r-scylla2","3.74%","515.8MiB / 9.711GiB","184MB / 154MB","54.5MB / 895MB"
"2026-09-17T15:08:30.5017911+00:00","121","r-scylla3","3.55%","517.4MiB / 9.711GiB","185MB / 150MB","41.9MB / 894MB"
"2026-09-17T15:08:33.5710514+00:00","122","r-scylla1","3.99%","586.3MiB / 9.711GiB","185MB / 152MB","363MB / 896MB"
"2026-09-17T15:08:33.5710514+00:00","122","r-scylla2","2.96%","515.6MiB / 9.711GiB","184MB / 154MB","54.5MB / 895MB"
"2026-09-17T15:08:33.5710514+00:00","122","r-scylla3","2.46%","517.3MiB / 9.711GiB","185MB / 150MB","41.9MB / 894MB"
"2026-09-17T15:08:36.7849364+00:00","123","r-scylla1","3.29%","586.3MiB / 9.711GiB","185MB / 152MB","363MB / 896MB"
"2026-09-17T15:08:36.7849364+00:00","123","r-scylla2","3.69%","515.3MiB / 9.711GiB","184MB / 154MB","54.5MB / 895MB"
"2026-09-17T15:08:36.7849364+00:00","123","r-scylla3","2.72%","517.3MiB / 9.711GiB","185MB / 150MB","41.9MB / 894MB"
"2026-09-17T15:08:40.0036529+00:00","124","r-scylla1","2.49%","586MiB / 9.711GiB","185MB / 152MB","363MB / 896MB"
"2026-09-17T15:08:40.0036529+00:00","124","r-scylla2","3.05%","515.6MiB / 9.711GiB","184MB / 154MB","54.5MB / 895MB"
"2026-09-17T15:08:40.0036529+00:00","124","r-scylla3","2.46%","517.4MiB / 9.711GiB","185MB / 150MB","41.9MB / 894MB"
"2026-09-17T15:08:43.0320084+00:00","125","r-scylla1","2.70%","586MiB / 9.711GiB","185MB / 152MB","363MB / 896MB"
"2026-09-17T15:08:43.0320084+00:00","125","r-scylla2","2.87%","515.3MiB / 9.711GiB","184MB / 154MB","54.5MB / 895MB"
"2026-09-17T15:08:43.0320084+00:00","125","r-scylla3","2.86%","517.3MiB / 9.711GiB","185MB / 150MB","41.9MB / 894MB"
"2026-09-17T15:08:46.2365370+00:00","126","r-scylla1","3.11%","586.3MiB / 9.711GiB","185MB / 152MB","363MB / 896MB"
"2026-09-17T15:08:46.2365370+00:00","126","r-scylla2","3.88%","515.6MiB / 9.711GiB","184MB / 154MB","54.5MB / 895MB"
"2026-09-17T15:08:46.2365370+00:00","126","r-scylla3","3.20%","517.4MiB / 9.711GiB","185MB / 150MB","41.9MB / 894MB"
"2026-09-17T15:08:49.4356113+00:00","127","r-scylla1","3.54%","586.1MiB / 9.711GiB","185MB / 152MB","363MB / 896MB"
"2026-09-17T15:08:49.4356113+00:00","127","r-scylla2","3.50%","515.6MiB / 9.711GiB","184MB / 154MB","54.5MB / 895MB"
"2026-09-17T15:08:49.4356113+00:00","127","r-scylla3","3.52%","517.3MiB / 9.711GiB","185MB / 150MB","41.9MB / 894MB"
"2026-09-17T15:08:52.4791026+00:00","128","r-scylla1","3.91%","586MiB / 9.711GiB","185MB / 152MB","363MB / 896MB"
"2026-09-17T15:08:52.4791026+00:00","128","r-scylla2","3.85%","515.6MiB / 9.711GiB","184MB / 154MB","54.5MB / 895MB"
"2026-09-17T15:08:52.4791026+00:00","128","r-scylla3","3.58%","517.3MiB / 9.711GiB","186MB / 150MB","41.9MB / 894MB"
"2026-09-17T15:08:55.6685242+00:00","129","r-scylla1","2.87%","586.3MiB / 9.711GiB","185MB / 152MB","363MB / 896MB"
"2026-09-17T15:08:55.6685242+00:00","129","r-scylla2","4.08%","515.8MiB / 9.711GiB","184MB / 154MB","54.5MB / 895MB"
"2026-09-17T15:08:55.6685242+00:00","129","r-scylla3","3.40%","517.3MiB / 9.711GiB","186MB / 150MB","41.9MB / 894MB"
"2026-09-17T15:08:58.8629338+00:00","130","r-scylla1","4.55%","586MiB / 9.711GiB","185MB / 152MB","363MB / 896MB"
"2026-09-17T15:08:58.8629338+00:00","130","r-scylla2","3.96%","515.6MiB / 9.711GiB","184MB / 154MB","54.5MB / 895MB"
"2026-09-17T15:08:58.8629338+00:00","130","r-scylla3","3.79%","517.1MiB / 9.711GiB","186MB / 150MB","41.9MB / 894MB"
"2026-09-17T15:09:01.9508436+00:00","131","r-scylla1","4.03%","586MiB / 9.711GiB","185MB / 152MB","363MB / 896MB"
"2026-09-17T15:09:01.9508436+00:00","131","r-scylla2","3.68%","515.8MiB / 9.711GiB","184MB / 154MB","54.5MB / 895MB"
"2026-09-17T15:09:01.9508436+00:00","131","r-scylla3","4.27%","517.3MiB / 9.711GiB","186MB / 150MB","41.9MB / 894MB"
"2026-09-17T15:09:05.1987147+00:00","132","r-scylla1","3.42%","586.1MiB / 9.711GiB","185MB / 152MB","363MB / 896MB"
"2026-09-17T15:09:05.1987147+00:00","132","r-scylla2","3.41%","515.8MiB / 9.711GiB","184MB / 154MB","54.5MB / 895MB"
"2026-09-17T15:09:05.1987147+00:00","132","r-scylla3","3.15%","517.3MiB / 9.711GiB","186MB / 150MB","41.9MB / 894MB"
"2026-09-17T15:09:08.4591192+00:00","133","r-scylla1","2.95%","586.5MiB / 9.711GiB","185MB / 152MB","363MB / 896MB"
"2026-09-17T15:09:08.4591192+00:00","133","r-scylla2","3.58%","515.6MiB / 9.711GiB","185MB / 155MB","54.5MB / 895MB"
"2026-09-17T15:09:08.4591192+00:00","133","r-scylla3","3.21%","517.1MiB / 9.711GiB","186MB / 150MB","41.9MB / 894MB"
"2026-09-17T15:09:11.7293752+00:00","134","r-scylla1","4.22%","586.3MiB / 9.711GiB","185MB / 152MB","363MB / 896MB"
"2026-09-17T15:09:11.7293752+00:00","134","r-scylla2","4.12%","515.3MiB / 9.711GiB","185MB / 155MB","54.5MB / 895MB"
"2026-09-17T15:09:11.7293752+00:00","134","r-scylla3","3.63%","517.3MiB / 9.711GiB","186MB / 150MB","41.9MB / 894MB"
"2026-09-17T15:09:14.9883469+00:00","135","r-scylla1","3.26%","586.3MiB / 9.711GiB","185MB / 152MB","363MB / 896MB"
"2026-09-17T15:09:14.9883469+00:00","135","r-scylla2","3.44%","515.3MiB / 9.711GiB","185MB / 155MB","54.5MB / 895MB"
"2026-09-17T15:09:14.9883469+00:00","135","r-scylla3","5.04%","517.8MiB / 9.711GiB","186MB / 150MB","41.9MB / 894MB"
"2026-09-17T15:09:18.2173757+00:00","136","r-scylla1","2.90%","586.3MiB / 9.711GiB","186MB / 152MB","363MB / 896MB"
"2026-09-17T15:09:18.2173757+00:00","136","r-scylla2","2.15%","515.3MiB / 9.711GiB","185MB / 155MB","54.5MB / 895MB"
"2026-09-17T15:09:18.2173757+00:00","136","r-scylla3","3.35%","517.4MiB / 9.711GiB","186MB / 150MB","41.9MB / 894MB"
"2026-09-17T15:09:21.4256740+00:00","137","r-scylla1","2.51%","586.3MiB / 9.711GiB","186MB / 152MB","363MB / 896MB"
"2026-09-17T15:09:21.4256740+00:00","137","r-scylla2","3.15%","515.3MiB / 9.711GiB","185MB / 155MB","54.5MB / 895MB"
"2026-09-17T15:09:21.4256740+00:00","137","r-scylla3","3.60%","517.4MiB / 9.711GiB","186MB / 150MB","41.9MB / 894MB"
"2026-09-17T15:09:24.6190665+00:00","138","r-scylla1","3.39%","586.1MiB / 9.711GiB","186MB / 152MB","363MB / 896MB"
"2026-09-17T15:09:24.6190665+00:00","138","r-scylla2","3.39%","515.3MiB / 9.711GiB","185MB / 155MB","54.5MB / 895MB"
"2026-09-17T15:09:24.6190665+00:00","138","r-scylla3","2.80%","517.4MiB / 9.711GiB","186MB / 150MB","41.9MB / 894MB"
"2026-09-17T15:09:27.7574734+00:00","139","r-scylla1","3.61%","586.1MiB / 9.711GiB","186MB / 152MB","363MB / 896MB"
"2026-09-17T15:09:27.7574734+00:00","139","r-scylla2","4.46%","515.3MiB / 9.711GiB","185MB / 155MB","54.5MB / 895MB"
"2026-09-17T15:09:27.7574734+00:00","139","r-scylla3","4.53%","517.3MiB / 9.711GiB","186MB / 151MB","41.9MB / 894MB"
"2026-09-17T15:09:30.9489969+00:00","140","r-scylla1","3.44%","586.3MiB / 9.711GiB","186MB / 152MB","363MB / 896MB"
"2026-09-17T15:09:30.9489969+00:00","140","r-scylla2","4.13%","515.6MiB / 9.711GiB","185MB / 155MB","54.5MB / 895MB"
"2026-09-17T15:09:30.9489969+00:00","140","r-scylla3","3.81%","517.6MiB / 9.711GiB","186MB / 151MB","41.9MB / 894MB"
"2026-09-17T15:09:34.0192210+00:00","141","r-scylla1","2.87%","586.3MiB / 9.711GiB","186MB / 152MB","363MB / 896MB"
"2026-09-17T15:09:34.0192210+00:00","141","r-scylla2","2.88%","515.3MiB / 9.711GiB","185MB / 155MB","54.5MB / 895MB"
"2026-09-17T15:09:34.0192210+00:00","141","r-scylla3","3.76%","517.3MiB / 9.711GiB","186MB / 151MB","41.9MB / 894MB"
"2026-09-17T15:09:37.2091910+00:00","142","r-scylla1","2.90%","586.5MiB / 9.711GiB","186MB / 152MB","363MB / 896MB"
"2026-09-17T15:09:37.2091910+00:00","142","r-scylla2","4.25%","515.6MiB / 9.711GiB","185MB / 155MB","54.5MB / 895MB"
"2026-09-17T15:09:37.2091910+00:00","142","r-scylla3","3.51%","517.3MiB / 9.711GiB","186MB / 151MB","41.9MB / 894MB"
"2026-09-17T15:09:40.4055521+00:00","143","r-scylla1","3.19%","586.3MiB / 9.711GiB","186MB / 152MB","363MB / 896MB"
"2026-09-17T15:09:40.4055521+00:00","143","r-scylla2","3.27%","515.6MiB / 9.711GiB","185MB / 155MB","54.5MB / 895MB"
"2026-09-17T15:09:40.4055521+00:00","143","r-scylla3","2.89%","517.3MiB / 9.711GiB","186MB / 151MB","41.9MB / 894MB"
"2026-09-17T15:09:43.4353235+00:00","144","r-scylla1","3.70%","586.3MiB / 9.711GiB","186MB / 152MB","363MB / 896MB"
"2026-09-17T15:09:43.4353235+00:00","144","r-scylla2","4.04%","515.6MiB / 9.711GiB","185MB / 155MB","54.5MB / 895MB"
"2026-09-17T15:09:43.4353235+00:00","144","r-scylla3","3.54%","517.6MiB / 9.711GiB","186MB / 151MB","41.9MB / 894MB"
"2026-09-17T15:09:46.6995778+00:00","145","r-scylla1","4.43%","586.3MiB / 9.711GiB","186MB / 152MB","363MB / 896MB"
"2026-09-17T15:09:46.6995778+00:00","145","r-scylla2","5.21%","515.6MiB / 9.711GiB","185MB / 156MB","54.5MB / 895MB"
"2026-09-17T15:09:46.6995778+00:00","145","r-scylla3","3.55%","517.3MiB / 9.711GiB","186MB / 151MB","41.9MB / 894MB"
"2026-09-17T15:09:49.9094036+00:00","146","r-scylla1","3.37%","586MiB / 9.711GiB","186MB / 152MB","363MB / 896MB"
"2026-09-17T15:09:49.9094036+00:00","146","r-scylla2","3.84%","515.6MiB / 9.711GiB","185MB / 156MB","54.5MB / 895MB"
"2026-09-17T15:09:49.9094036+00:00","146","r-scylla3","3.62%","517.4MiB / 9.711GiB","186MB / 151MB","41.9MB / 894MB"
"2026-09-17T15:09:52.9533439+00:00","147","r-scylla1","4.51%","586.1MiB / 9.711GiB","186MB / 152MB","363MB / 896MB"
"2026-09-17T15:09:52.9533439+00:00","147","r-scylla2","3.71%","515.6MiB / 9.711GiB","185MB / 156MB","54.5MB / 895MB"
"2026-09-17T15:09:52.9533439+00:00","147","r-scylla3","3.59%","517.3MiB / 9.711GiB","186MB / 151MB","41.9MB / 894MB"
"2026-09-17T15:09:56.1996519+00:00","148","r-scylla1","2.96%","586MiB / 9.711GiB","186MB / 152MB","363MB / 896MB"
"2026-09-17T15:09:56.1996519+00:00","148","r-scylla2","3.21%","515.6MiB / 9.711GiB","185MB / 156MB","54.5MB / 895MB"
"2026-09-17T15:09:56.1996519+00:00","148","r-scylla3","3.92%","517.3MiB / 9.711GiB","186MB / 151MB","41.9MB / 894MB"
"2026-09-17T15:09:59.3769600+00:00","149","r-scylla1","3.02%","586.5MiB / 9.711GiB","186MB / 153MB","363MB / 896MB"
"2026-09-17T15:09:59.3769600+00:00","149","r-scylla2","2.37%","515.3MiB / 9.711GiB","185MB / 156MB","54.5MB / 895MB"
"2026-09-17T15:09:59.3769600+00:00","149","r-scylla3","2.50%","517.1MiB / 9.711GiB","186MB / 151MB","41.9MB / 894MB"
"2026-09-17T15:10:02.3994043+00:00","150","r-scylla1","3.94%","586.3MiB / 9.711GiB","186MB / 153MB","363MB / 896MB"
"2026-09-17T15:10:02.3994043+00:00","150","r-scylla2","3.58%","515.6MiB / 9.711GiB","185MB / 156MB","54.5MB / 895MB"
"2026-09-17T15:10:02.3994043+00:00","150","r-scylla3","3.44%","517.6MiB / 9.711GiB","187MB / 151MB","41.9MB / 894MB"
"2026-09-17T15:10:05.6311033+00:00","151","r-scylla1","3.37%","586.3MiB / 9.711GiB","186MB / 153MB","363MB / 896MB"
"2026-09-17T15:10:05.6311033+00:00","151","r-scylla2","3.46%","515.3MiB / 9.711GiB","185MB / 156MB","54.5MB / 895MB"
"2026-09-17T15:10:05.6311033+00:00","151","r-scylla3","3.33%","517.6MiB / 9.711GiB","187MB / 151MB","41.9MB / 894MB"
"2026-09-17T15:10:08.8136722+00:00","152","r-scylla1","3.66%","586.3MiB / 9.711GiB","186MB / 153MB","363MB / 896MB"
"2026-09-17T15:10:08.8136722+00:00","152","r-scylla2","2.93%","515.3MiB / 9.711GiB","185MB / 156MB","54.5MB / 895MB"
"2026-09-17T15:10:08.8136722+00:00","152","r-scylla3","3.18%","517.3MiB / 9.711GiB","187MB / 151MB","41.9MB / 894MB"
"2026-09-17T15:10:12.0097952+00:00","153","r-scylla1","3.64%","586MiB / 9.711GiB","186MB / 153MB","363MB / 896MB"
"2026-09-17T15:10:12.0097952+00:00","153","r-scylla2","3.32%","515.3MiB / 9.711GiB","185MB / 156MB","54.5MB / 895MB"
"2026-09-17T15:10:12.0097952+00:00","153","r-scylla3","3.90%","517.8MiB / 9.711GiB","187MB / 151MB","41.9MB / 894MB"
"2026-09-17T15:10:15.2339937+00:00","154","r-scylla1","3.76%","586MiB / 9.711GiB","186MB / 153MB","363MB / 896MB"
"2026-09-17T15:10:15.2339937+00:00","154","r-scylla2","3.67%","515.6MiB / 9.711GiB","185MB / 156MB","54.5MB / 895MB"
"2026-09-17T15:10:15.2339937+00:00","154","r-scylla3","3.81%","517.6MiB / 9.711GiB","187MB / 151MB","41.9MB / 894MB"
"2026-09-17T15:10:18.4368332+00:00","155","r-scylla1","4.56%","586MiB / 9.711GiB","186MB / 153MB","363MB / 896MB"
"2026-09-17T15:10:18.4368332+00:00","155","r-scylla2","3.64%","515.3MiB / 9.711GiB","185MB / 156MB","54.5MB / 895MB"
"2026-09-17T15:10:18.4368332+00:00","155","r-scylla3","3.71%","517.4MiB / 9.711GiB","187MB / 151MB","41.9MB / 894MB"
"2026-09-17T15:10:21.7027543+00:00","156","r-scylla1","3.49%","586MiB / 9.711GiB","186MB / 153MB","363MB / 896MB"
"2026-09-17T15:10:21.7027543+00:00","156","r-scylla2","3.34%","515.6MiB / 9.711GiB","185MB / 156MB","54.5MB / 895MB"
"2026-09-17T15:10:21.7027543+00:00","156","r-scylla3","3.77%","517.6MiB / 9.711GiB","187MB / 151MB","41.9MB / 894MB"
"2026-09-17T15:10:24.9114325+00:00","157","r-scylla1","3.42%","586.1MiB / 9.711GiB","187MB / 153MB","363MB / 896MB"
"2026-09-17T15:10:24.9114325+00:00","157","r-scylla2","3.26%","515.3MiB / 9.711GiB","185MB / 157MB","54.5MB / 895MB"
"2026-09-17T15:10:24.9114325+00:00","157","r-scylla3","3.66%","517.4MiB / 9.711GiB","187MB / 151MB","41.9MB / 894MB"
"2026-09-17T15:10:28.1340468+00:00","158","r-scylla1","2.03%","586MiB / 9.711GiB","187MB / 153MB","363MB / 896MB"
"2026-09-17T15:10:28.1340468+00:00","158","r-scylla2","2.51%","515.3MiB / 9.711GiB","185MB / 157MB","54.5MB / 895MB"
"2026-09-17T15:10:28.1340468+00:00","158","r-scylla3","2.22%","517.3MiB / 9.711GiB","187MB / 151MB","41.9MB / 894MB"
"2026-09-17T15:10:31.3283373+00:00","159","r-scylla1","2.13%","586.1MiB / 9.711GiB","187MB / 153MB","363MB / 896MB"
"2026-09-17T15:10:31.3283373+00:00","159","r-scylla2","2.49%","515.3MiB / 9.711GiB","185MB / 157MB","54.5MB / 895MB"
"2026-09-17T15:10:31.3283373+00:00","159","r-scylla3","2.68%","517.3MiB / 9.711GiB","187MB / 151MB","41.9MB / 894MB"
"2026-09-17T15:10:34.5139231+00:00","160","r-scylla1","2.62%","586.1MiB / 9.711GiB","187MB / 153MB","363MB / 896MB"
"2026-09-17T15:10:34.5139231+00:00","160","r-scylla2","3.00%","515.6MiB / 9.711GiB","185MB / 157MB","54.5MB / 895MB"
"2026-09-17T15:10:34.5139231+00:00","160","r-scylla3","2.77%","517.3MiB / 9.711GiB","187MB / 151MB","41.9MB / 894MB"
"2026-09-17T15:10:37.6691958+00:00","161","r-scylla1","1.98%","586MiB / 9.711GiB","187MB / 153MB","363MB / 896MB"
"2026-09-17T15:10:37.6691958+00:00","161","r-scylla2","2.19%","515.6MiB / 9.711GiB","185MB / 157MB","54.5MB / 895MB"
"2026-09-17T15:10:37.6691958+00:00","161","r-scylla3","3.13%","517.6MiB / 9.711GiB","187MB / 151MB","41.9MB / 894MB"
"2026-09-17T15:10:40.8132773+00:00","162","r-scylla1","2.14%","586MiB / 9.711GiB","187MB / 153MB","363MB / 896MB"
"2026-09-17T15:10:40.8132773+00:00","162","r-scylla2","2.39%","515.3MiB / 9.711GiB","185MB / 157MB","54.5MB / 895MB"
"2026-09-17T15:10:40.8132773+00:00","162","r-scylla3","2.32%","517.3MiB / 9.711GiB","187MB / 151MB","41.9MB / 894MB"
"2026-09-17T15:10:43.8365593+00:00","163","r-scylla1","2.25%","586.1MiB / 9.711GiB","187MB / 153MB","363MB / 896MB"
"2026-09-17T15:10:43.8365593+00:00","163","r-scylla2","2.74%","515.3MiB / 9.711GiB","185MB / 157MB","54.5MB / 895MB"
"2026-09-17T15:10:43.8365593+00:00","163","r-scylla3","2.80%","517.4MiB / 9.711GiB","187MB / 151MB","41.9MB / 894MB"
"2026-09-17T15:10:46.9849992+00:00","164","r-scylla1","2.54%","586.1MiB / 9.711GiB","187MB / 153MB","363MB / 896MB"
"2026-09-17T15:10:46.9849992+00:00","164","r-scylla2","2.81%","515.3MiB / 9.711GiB","185MB / 157MB","54.5MB / 895MB"
"2026-09-17T15:10:46.9849992+00:00","164","r-scylla3","2.79%","517.1MiB / 9.711GiB","187MB / 151MB","41.9MB / 894MB"
"2026-09-17T15:10:50.1423410+00:00","165","r-scylla1","3.67%","586.1MiB / 9.711GiB","187MB / 153MB","363MB / 896MB"
"2026-09-17T15:10:50.1423410+00:00","165","r-scylla2","4.02%","515.8MiB / 9.711GiB","185MB / 157MB","54.5MB / 895MB"
"2026-09-17T15:10:50.1423410+00:00","165","r-scylla3","3.54%","517.4MiB / 9.711GiB","187MB / 151MB","41.9MB / 894MB"
"2026-09-17T15:10:53.2134416+00:00","166","r-scylla1","4.06%","586.1MiB / 9.711GiB","187MB / 153MB","363MB / 896MB"
"2026-09-17T15:10:53.2134416+00:00","166","r-scylla2","3.13%","515.3MiB / 9.711GiB","185MB / 157MB","54.5MB / 895MB"
"2026-09-17T15:10:53.2134416+00:00","166","r-scylla3","3.14%","517.3MiB / 9.711GiB","187MB / 151MB","41.9MB / 894MB"
"2026-09-17T15:10:56.4300616+00:00","167","r-scylla1","3.81%","586MiB / 9.711GiB","187MB / 153MB","363MB / 896MB"
"2026-09-17T15:10:56.4300616+00:00","167","r-scylla2","2.64%","515.6MiB / 9.711GiB","185MB / 157MB","54.5MB / 895MB"
"2026-09-17T15:10:56.4300616+00:00","167","r-scylla3","4.39%","517.1MiB / 9.711GiB","187MB / 151MB","41.9MB / 894MB"
"2026-09-17T15:10:59.5904931+00:00","168","r-scylla1","2.46%","586MiB / 9.711GiB","187MB / 153MB","363MB / 896MB"
"2026-09-17T15:10:59.5904931+00:00","168","r-scylla2","2.35%","515.3MiB / 9.711GiB","185MB / 157MB","54.5MB / 895MB"
"2026-09-17T15:10:59.5904931+00:00","168","r-scylla3","2.22%","517.3MiB / 9.711GiB","187MB / 151MB","41.9MB / 894MB"
"2026-09-17T15:11:02.6586589+00:00","169","r-scylla1","3.18%","586.1MiB / 9.711GiB","187MB / 153MB","363MB / 896MB"
"2026-09-17T15:11:02.6586589+00:00","169","r-scylla2","3.36%","515.3MiB / 9.711GiB","185MB / 158MB","54.5MB / 895MB"
"2026-09-17T15:11:02.6586589+00:00","169","r-scylla3","2.48%","517.1MiB / 9.711GiB","187MB / 151MB","41.9MB / 894MB"
"2026-09-17T15:11:05.8893190+00:00","170","r-scylla1","2.92%","586.3MiB / 9.711GiB","187MB / 153MB","363MB / 896MB"
"2026-09-17T15:11:05.8893190+00:00","170","r-scylla2","3.26%","515.3MiB / 9.711GiB","185MB / 158MB","54.5MB / 895MB"
"2026-09-17T15:11:05.8893190+00:00","170","r-scylla3","2.31%","517.1MiB / 9.711GiB","187MB / 151MB","41.9MB / 894MB"
"2026-09-17T15:11:09.0723215+00:00","171","r-scylla1","3.81%","586.3MiB / 9.711GiB","187MB / 153MB","363MB / 896MB"
"2026-09-17T15:11:09.0723215+00:00","171","r-scylla2","3.05%","515.3MiB / 9.711GiB","185MB / 158MB","54.5MB / 895MB"
"2026-09-17T15:11:09.0723215+00:00","171","r-scylla3","3.47%","517.1MiB / 9.711GiB","188MB / 151MB","41.9MB / 894MB"
"2026-09-17T15:11:12.1179104+00:00","172","r-scylla1","2.01%","586.3MiB / 9.711GiB","187MB / 153MB","363MB / 896MB"
"2026-09-17T15:11:12.1179104+00:00","172","r-scylla2","3.13%","515.3MiB / 9.711GiB","185MB / 158MB","54.5MB / 895MB"
"2026-09-17T15:11:12.1179104+00:00","172","r-scylla3","2.42%","517.1MiB / 9.711GiB","188MB / 152MB","41.9MB / 894MB"
"2026-09-17T15:11:15.2632048+00:00","173","r-scylla1","2.80%","586MiB / 9.711GiB","187MB / 153MB","363MB / 896MB"
"2026-09-17T15:11:15.2632048+00:00","173","r-scylla2","2.30%","515.8MiB / 9.711GiB","185MB / 158MB","54.5MB / 895MB"
"2026-09-17T15:11:15.2632048+00:00","173","r-scylla3","2.76%","517.3MiB / 9.711GiB","188MB / 152MB","41.9MB / 894MB"
"2026-09-17T15:11:18.4363386+00:00","174","r-scylla1","2.99%","586.1MiB / 9.711GiB","187MB / 153MB","363MB / 896MB"
"2026-09-17T15:11:18.4363386+00:00","174","r-scylla2","3.27%","515.6MiB / 9.711GiB","185MB / 158MB","54.5MB / 895MB"
"2026-09-17T15:11:18.4363386+00:00","174","r-scylla3","3.29%","517.1MiB / 9.711GiB","188MB / 152MB","41.9MB / 894MB"
"2026-09-17T15:11:21.6892776+00:00","175","r-scylla1","3.05%","586MiB / 9.711GiB","187MB / 153MB","363MB / 896MB"
"2026-09-17T15:11:21.6892776+00:00","175","r-scylla2","3.10%","515.3MiB / 9.711GiB","185MB / 158MB","54.5MB / 895MB"
"2026-09-17T15:11:21.6892776+00:00","175","r-scylla3","3.37%","517.1MiB / 9.711GiB","188MB / 152MB","41.9MB / 894MB"
"2026-09-17T15:11:24.8614077+00:00","176","r-scylla1","2.57%","586MiB / 9.711GiB","187MB / 153MB","363MB / 896MB"
"2026-09-17T15:11:24.8614077+00:00","176","r-scylla2","2.75%","515.3MiB / 9.711GiB","185MB / 158MB","54.5MB / 895MB"
"2026-09-17T15:11:24.8614077+00:00","176","r-scylla3","2.74%","517.4MiB / 9.711GiB","188MB / 152MB","41.9MB / 894MB"
"2026-09-17T15:11:28.0615008+00:00","177","r-scylla1","3.50%","586.3MiB / 9.711GiB","187MB / 153MB","363MB / 896MB"
"2026-09-17T15:11:28.0615008+00:00","177","r-scylla2","3.25%","515.3MiB / 9.711GiB","186MB / 158MB","54.5MB / 895MB"
"2026-09-17T15:11:28.0615008+00:00","177","r-scylla3","5.01%","517.1MiB / 9.711GiB","188MB / 152MB","41.9MB / 894MB"
"2026-09-17T15:11:31.2679966+00:00","178","r-scylla1","2.54%","586.3MiB / 9.711GiB","188MB / 153MB","363MB / 896MB"
"2026-09-17T15:11:31.2679966+00:00","178","r-scylla2","2.48%","515.3MiB / 9.711GiB","186MB / 158MB","54.5MB / 895MB"
"2026-09-17T15:11:31.2679966+00:00","178","r-scylla3","3.36%","517.1MiB / 9.711GiB","188MB / 152MB","41.9MB / 894MB"
"2026-09-17T15:11:34.4697397+00:00","179","r-scylla1","3.09%","586.3MiB / 9.711GiB","188MB / 153MB","363MB / 896MB"
"2026-09-17T15:11:34.4697397+00:00","179","r-scylla2","2.12%","515.3MiB / 9.711GiB","186MB / 158MB","54.5MB / 895MB"
"2026-09-17T15:11:34.4697397+00:00","179","r-scylla3","2.28%","517.1MiB / 9.711GiB","188MB / 152MB","41.9MB / 894MB"
"2026-09-17T15:11:37.6293203+00:00","180","r-scylla1","2.61%","586.3MiB / 9.711GiB","188MB / 153MB","363MB / 896MB"
"2026-09-17T15:11:37.6293203+00:00","180","r-scylla2","2.07%","515.8MiB / 9.711GiB","186MB / 158MB","54.5MB / 895MB"
"2026-09-17T15:11:37.6293203+00:00","180","r-scylla3","2.12%","517.1MiB / 9.711GiB","188MB / 152MB","41.9MB / 894MB"
"2026-09-17T15:11:40.8443407+00:00","181","r-scylla1","2.71%","586MiB / 9.711GiB","188MB / 154MB","363MB / 896MB"
"2026-09-17T15:11:40.8443407+00:00","181","r-scylla2","2.98%","515.8MiB / 9.711GiB","186MB / 159MB","54.5MB / 895MB"
"2026-09-17T15:11:40.8443407+00:00","181","r-scylla3","2.99%","517.1MiB / 9.711GiB","188MB / 152MB","41.9MB / 894MB"
"2026-09-17T15:11:43.9157692+00:00","182","r-scylla1","2.79%","586MiB / 9.711GiB","188MB / 154MB","363MB / 896MB"
"2026-09-17T15:11:43.9157692+00:00","182","r-scylla2","2.16%","515.3MiB / 9.711GiB","186MB / 159MB","54.5MB / 895MB"
"2026-09-17T15:11:43.9157692+00:00","182","r-scylla3","3.17%","517.3MiB / 9.711GiB","188MB / 152MB","41.9MB / 894MB"
"2026-09-17T15:11:47.0833715+00:00","183","r-scylla1","5.55%","586.4MiB / 9.711GiB","188MB / 154MB","363MB / 896MB"
"2026-09-17T15:11:47.0833715+00:00","183","r-scylla2","5.91%","515.7MiB / 9.711GiB","186MB / 159MB","54.5MB / 895MB"
"2026-09-17T15:11:47.0833715+00:00","183","r-scylla3","6.02%","517.2MiB / 9.711GiB","188MB / 152MB","41.9MB / 894MB"
"2026-09-17T15:11:50.3109028+00:00","184","r-scylla1","6.56%","586.3MiB / 9.711GiB","188MB / 154MB","363MB / 896MB"
"2026-09-17T15:11:50.3109028+00:00","184","r-scylla2","6.12%","515.6MiB / 9.711GiB","186MB / 159MB","54.5MB / 895MB"
"2026-09-17T15:11:50.3109028+00:00","184","r-scylla3","5.70%","517.9MiB / 9.711GiB","188MB / 152MB","41.9MB / 894MB"
"2026-09-17T15:11:53.3712039+00:00","185","r-scylla1","6.61%","586.4MiB / 9.711GiB","188MB / 154MB","363MB / 896MB"
"2026-09-17T15:11:53.3712039+00:00","185","r-scylla2","6.36%","516MiB / 9.711GiB","186MB / 159MB","54.5MB / 895MB"
"2026-09-17T15:11:53.3712039+00:00","185","r-scylla3","6.26%","517.9MiB / 9.711GiB","188MB / 152MB","41.9MB / 894MB"
"2026-09-17T15:11:56.5552645+00:00","186","r-scylla1","6.46%","586.7MiB / 9.711GiB","188MB / 154MB","363MB / 896MB"
"2026-09-17T15:11:56.5552645+00:00","186","r-scylla2","7.23%","516.1MiB / 9.711GiB","186MB / 159MB","54.5MB / 895MB"
"2026-09-17T15:11:56.5552645+00:00","186","r-scylla3","5.90%","517.8MiB / 9.711GiB","189MB / 152MB","41.9MB / 894MB"
"2026-09-17T15:11:59.7593242+00:00","187","r-scylla1","4.28%","586.6MiB / 9.711GiB","188MB / 154MB","363MB / 896MB"
"2026-09-17T15:11:59.7593242+00:00","187","r-scylla2","4.76%","516.1MiB / 9.711GiB","186MB / 160MB","54.5MB / 895MB"
"2026-09-17T15:11:59.7593242+00:00","187","r-scylla3","4.26%","517.9MiB / 9.711GiB","189MB / 153MB","41.9MB / 894MB"
"2026-09-17T15:12:02.7644797+00:00","188","r-scylla1","8.13%","587.4MiB / 9.711GiB","189MB / 155MB","363MB / 896MB"
"2026-09-17T15:12:02.7644797+00:00","188","r-scylla2","5.52%","516.2MiB / 9.711GiB","186MB / 160MB","54.5MB / 895MB"
"2026-09-17T15:12:02.7644797+00:00","188","r-scylla3","7.30%","518MiB / 9.711GiB","189MB / 153MB","41.9MB / 894MB"
"2026-09-17T15:12:05.9128091+00:00","189","r-scylla1","5.91%","586.9MiB / 9.711GiB","189MB / 155MB","363MB / 896MB"
"2026-09-17T15:12:05.9128091+00:00","189","r-scylla2","6.47%","516MiB / 9.711GiB","186MB / 160MB","54.5MB / 895MB"
"2026-09-17T15:12:05.9128091+00:00","189","r-scylla3","5.49%","517.8MiB / 9.711GiB","189MB / 153MB","41.9MB / 894MB"
"2026-09-17T15:12:09.0611496+00:00","190","r-scylla1","7.64%","586.8MiB / 9.711GiB","189MB / 155MB","363MB / 896MB"
"2026-09-17T15:12:09.0611496+00:00","190","r-scylla2","7.64%","516.3MiB / 9.711GiB","187MB / 160MB","54.5MB / 895MB"
"2026-09-17T15:12:09.0611496+00:00","190","r-scylla3","7.16%","518.1MiB / 9.711GiB","189MB / 153MB","41.9MB / 895MB"
"2026-09-17T15:12:12.1447058+00:00","191","r-scylla1","6.26%","587.1MiB / 9.711GiB","189MB / 155MB","363MB / 896MB"
"2026-09-17T15:12:12.1447058+00:00","191","r-scylla2","5.26%","516.1MiB / 9.711GiB","187MB / 160MB","54.5MB / 895MB"
"2026-09-17T15:12:12.1447058+00:00","191","r-scylla3","5.83%","518MiB / 9.711GiB","189MB / 153MB","41.9MB / 895MB"
"2026-09-17T15:12:15.3035879+00:00","192","r-scylla1","4.28%","587.4MiB / 9.711GiB","189MB / 155MB","363MB / 896MB"
"2026-09-17T15:12:15.3035879+00:00","192","r-scylla2","4.55%","516.4MiB / 9.711GiB","187MB / 161MB","54.5MB / 895MB"
"2026-09-17T15:12:15.3035879+00:00","192","r-scylla3","7.74%","518.3MiB / 9.711GiB","189MB / 153MB","41.9MB / 895MB"
"2026-09-17T15:12:18.4695615+00:00","193","r-scylla1","6.63%","587.2MiB / 9.711GiB","189MB / 155MB","363MB / 896MB"
"2026-09-17T15:12:18.4695615+00:00","193","r-scylla2","6.13%","516.2MiB / 9.711GiB","187MB / 161MB","54.5MB / 895MB"
"2026-09-17T15:12:18.4695615+00:00","193","r-scylla3","6.46%","518.1MiB / 9.711GiB","190MB / 154MB","41.9MB / 895MB"
"2026-09-17T15:12:21.6733771+00:00","194","r-scylla1","5.84%","587.5MiB / 9.711GiB","189MB / 155MB","363MB / 896MB"
"2026-09-17T15:12:21.6733771+00:00","194","r-scylla2","5.51%","516.3MiB / 9.711GiB","187MB / 161MB","54.5MB / 895MB"
"2026-09-17T15:12:21.6733771+00:00","194","r-scylla3","5.82%","518.2MiB / 9.711GiB","190MB / 154MB","41.9MB / 895MB"
"2026-09-17T15:12:24.8736626+00:00","195","r-scylla1","6.20%","587.1MiB / 9.711GiB","190MB / 156MB","363MB / 896MB"
"2026-09-17T15:12:24.8736626+00:00","195","r-scylla2","6.19%","516.6MiB / 9.711GiB","187MB / 161MB","54.5MB / 895MB"
"2026-09-17T15:12:24.8736626+00:00","195","r-scylla3","6.64%","518.3MiB / 9.711GiB","190MB / 154MB","41.9MB / 895MB"
"2026-09-17T15:12:28.0383103+00:00","196","r-scylla1","8.60%","587.2MiB / 9.711GiB","190MB / 156MB","363MB / 897MB"
"2026-09-17T15:12:28.0383103+00:00","196","r-scylla2","7.13%","516.4MiB / 9.711GiB","187MB / 161MB","54.5MB / 895MB"
"2026-09-17T15:12:28.0383103+00:00","196","r-scylla3","8.04%","518.3MiB / 9.711GiB","190MB / 154MB","41.9MB / 895MB"
"2026-09-17T15:12:31.3041979+00:00","197","r-scylla1","12.99%","587.5MiB / 9.711GiB","190MB / 156MB","363MB / 897MB"
"2026-09-17T15:12:31.3041979+00:00","197","r-scylla2","9.94%","516.7MiB / 9.711GiB","187MB / 162MB","54.5MB / 895MB"
"2026-09-17T15:12:31.3041979+00:00","197","r-scylla3","6.87%","518.6MiB / 9.711GiB","190MB / 154MB","41.9MB / 895MB"
"2026-09-17T15:12:34.5067400+00:00","198","r-scylla1","5.82%","587.6MiB / 9.711GiB","190MB / 156MB","363MB / 897MB"
"2026-09-17T15:12:34.5067400+00:00","198","r-scylla2","5.68%","516.8MiB / 9.711GiB","187MB / 162MB","54.5MB / 895MB"
"2026-09-17T15:12:34.5067400+00:00","198","r-scylla3","6.65%","518.7MiB / 9.711GiB","190MB / 154MB","41.9MB / 895MB"
"2026-09-17T15:12:37.7106583+00:00","199","r-scylla1","6.90%","587.6MiB / 9.711GiB","190MB / 156MB","363MB / 897MB"
"2026-09-17T15:12:37.7106583+00:00","199","r-scylla2","7.77%","516.6MiB / 9.711GiB","188MB / 162MB","54.5MB / 895MB"
"2026-09-17T15:12:37.7106583+00:00","199","r-scylla3","8.27%","518.6MiB / 9.711GiB","190MB / 155MB","41.9MB / 895MB"
"2026-09-17T15:12:40.9783955+00:00","200","r-scylla1","6.77%","588MiB / 9.711GiB","190MB / 156MB","363MB / 897MB"
"2026-09-17T15:12:40.9783955+00:00","200","r-scylla2","7.93%","516.7MiB / 9.711GiB","188MB / 162MB","54.5MB / 895MB"
"2026-09-17T15:12:40.9783955+00:00","200","r-scylla3","6.95%","518.7MiB / 9.711GiB","191MB / 155MB","41.9MB / 895MB"
"2026-09-17T15:12:44.0207267+00:00","201","r-scylla1","8.66%","587.6MiB / 9.711GiB","190MB / 157MB","363MB / 897MB"
"2026-09-17T15:12:44.0207267+00:00","201","r-scylla2","6.93%","517MiB / 9.711GiB","188MB / 162MB","54.5MB / 895MB"
"2026-09-17T15:12:44.0207267+00:00","201","r-scylla3","7.40%","518.7MiB / 9.711GiB","191MB / 155MB","41.9MB / 895MB"
"2026-09-17T15:12:47.2648869+00:00","202","r-scylla1","6.95%","587.9MiB / 9.711GiB","190MB / 157MB","363MB / 897MB"
"2026-09-17T15:12:47.2648869+00:00","202","r-scylla2","9.13%","516.8MiB / 9.711GiB","188MB / 163MB","54.5MB / 895MB"
"2026-09-17T15:12:47.2648869+00:00","202","r-scylla3","8.55%","518.8MiB / 9.711GiB","191MB / 155MB","41.9MB / 895MB"
"2026-09-17T15:12:50.4694495+00:00","203","r-scylla1","5.48%","587.9MiB / 9.711GiB","191MB / 157MB","363MB / 897MB"
"2026-09-17T15:12:50.4694495+00:00","203","r-scylla2","6.03%","516.9MiB / 9.711GiB","188MB / 163MB","54.5MB / 895MB"
"2026-09-17T15:12:50.4694495+00:00","203","r-scylla3","5.34%","519.1MiB / 9.711GiB","191MB / 155MB","41.9MB / 895MB"
"2026-09-17T15:12:53.5223493+00:00","204","r-scylla1","6.70%","587.9MiB / 9.711GiB","191MB / 157MB","363MB / 897MB"
"2026-09-17T15:12:53.5223493+00:00","204","r-scylla2","7.00%","516.9MiB / 9.711GiB","188MB / 163MB","54.5MB / 895MB"
"2026-09-17T15:12:53.5223493+00:00","204","r-scylla3","5.59%","519.2MiB / 9.711GiB","191MB / 155MB","41.9MB / 895MB"
"2026-09-17T15:12:56.7326610+00:00","205","r-scylla1","8.94%","588MiB / 9.711GiB","191MB / 157MB","363MB / 897MB"
"2026-09-17T15:12:56.7326610+00:00","205","r-scylla2","6.56%","517.2MiB / 9.711GiB","188MB / 163MB","54.5MB / 895MB"
"2026-09-17T15:12:56.7326610+00:00","205","r-scylla3","8.90%","519MiB / 9.711GiB","191MB / 155MB","41.9MB / 895MB"
"2026-09-17T15:12:59.9968109+00:00","206","r-scylla1","7.04%","588.1MiB / 9.711GiB","191MB / 157MB","363MB / 897MB"
"2026-09-17T15:12:59.9968109+00:00","206","r-scylla2","6.59%","517.3MiB / 9.711GiB","188MB / 163MB","54.5MB / 895MB"
"2026-09-17T15:12:59.9968109+00:00","206","r-scylla3","6.01%","519.1MiB / 9.711GiB","191MB / 156MB","41.9MB / 895MB"
"2026-09-17T15:13:02.9856011+00:00","207","r-scylla1","7.80%","588.2MiB / 9.711GiB","191MB / 157MB","363MB / 897MB"
"2026-09-17T15:13:02.9856011+00:00","207","r-scylla2","6.61%","517.1MiB / 9.711GiB","189MB / 164MB","54.5MB / 895MB"
"2026-09-17T15:13:02.9856011+00:00","207","r-scylla3","7.26%","519.4MiB / 9.711GiB","191MB / 156MB","41.9MB / 895MB"
"2026-09-17T15:13:06.1872217+00:00","208","r-scylla1","7.80%","588MiB / 9.711GiB","191MB / 158MB","363MB / 897MB"
"2026-09-17T15:13:06.1872217+00:00","208","r-scylla2","7.64%","517.2MiB / 9.711GiB","189MB / 164MB","54.5MB / 896MB"
"2026-09-17T15:13:06.1872217+00:00","208","r-scylla3","5.80%","519.3MiB / 9.711GiB","192MB / 156MB","41.9MB / 895MB"
"2026-09-17T15:13:09.4297004+00:00","209","r-scylla1","6.66%","588.1MiB / 9.711GiB","191MB / 158MB","363MB / 897MB"
"2026-09-17T15:13:09.4297004+00:00","209","r-scylla2","6.86%","517.3MiB / 9.711GiB","189MB / 164MB","54.5MB / 896MB"
"2026-09-17T15:13:09.4297004+00:00","209","r-scylla3","5.68%","519.6MiB / 9.711GiB","192MB / 156MB","41.9MB / 895MB"
"2026-09-17T15:13:12.4851692+00:00","210","r-scylla1","9.62%","588.6MiB / 9.711GiB","192MB / 158MB","363MB / 897MB"
"2026-09-17T15:13:12.4851692+00:00","210","r-scylla2","8.93%","517.6MiB / 9.711GiB","189MB / 164MB","54.5MB / 896MB"
"2026-09-17T15:13:12.4851692+00:00","210","r-scylla3","6.15%","519.4MiB / 9.711GiB","192MB / 156MB","41.9MB / 895MB"
"2026-09-17T15:13:15.7233314+00:00","211","r-scylla1","7.26%","588.4MiB / 9.711GiB","192MB / 158MB","363MB / 897MB"
"2026-09-17T15:13:15.7233314+00:00","211","r-scylla2","8.05%","517.7MiB / 9.711GiB","189MB / 164MB","54.5MB / 896MB"
"2026-09-17T15:13:15.7233314+00:00","211","r-scylla3","6.72%","519.5MiB / 9.711GiB","192MB / 156MB","41.9MB / 895MB"
"2026-09-17T15:13:18.9694657+00:00","212","r-scylla1","10.35%","588.3MiB / 9.711GiB","192MB / 158MB","363MB / 897MB"
"2026-09-17T15:13:18.9694657+00:00","212","r-scylla2","8.56%","518.1MiB / 9.711GiB","189MB / 165MB","54.5MB / 896MB"
"2026-09-17T15:13:18.9694657+00:00","212","r-scylla3","8.95%","519.9MiB / 9.711GiB","192MB / 156MB","41.9MB / 895MB"
"2026-09-17T15:13:22.2111915+00:00","213","r-scylla1","6.41%","588.9MiB / 9.711GiB","192MB / 158MB","363MB / 897MB"
"2026-09-17T15:13:22.2111915+00:00","213","r-scylla2","5.94%","517.6MiB / 9.711GiB","189MB / 165MB","54.5MB / 896MB"
"2026-09-17T15:13:22.2111915+00:00","213","r-scylla3","7.01%","519.7MiB / 9.711GiB","192MB / 157MB","41.9MB / 895MB"
"2026-09-17T15:13:25.4088936+00:00","214","r-scylla1","8.45%","588.4MiB / 9.711GiB","192MB / 159MB","363MB / 897MB"
"2026-09-17T15:13:25.4088936+00:00","214","r-scylla2","6.93%","517.7MiB / 9.711GiB","189MB / 165MB","54.5MB / 896MB"
"2026-09-17T15:13:25.4088936+00:00","214","r-scylla3","5.41%","520MiB / 9.711GiB","192MB / 157MB","41.9MB / 895MB"
"2026-09-17T15:13:28.6280645+00:00","215","r-scylla1","8.42%","588.8MiB / 9.711GiB","192MB / 159MB","363MB / 897MB"
"2026-09-17T15:13:28.6280645+00:00","215","r-scylla2","6.62%","517.8MiB / 9.711GiB","189MB / 165MB","54.5MB / 896MB"
"2026-09-17T15:13:28.6280645+00:00","215","r-scylla3","7.87%","520.4MiB / 9.711GiB","193MB / 157MB","41.9MB / 896MB"
"2026-09-17T15:13:31.8845822+00:00","216","r-scylla1","6.95%","588.6MiB / 9.711GiB","192MB / 159MB","363MB / 897MB"
"2026-09-17T15:13:31.8845822+00:00","216","r-scylla2","6.18%","517.9MiB / 9.711GiB","190MB / 165MB","54.5MB / 896MB"
"2026-09-17T15:13:31.8845822+00:00","216","r-scylla3","6.76%","520MiB / 9.711GiB","193MB / 157MB","41.9MB / 896MB"
"2026-09-17T15:13:35.0723864+00:00","217","r-scylla1","7.93%","588.7MiB / 9.711GiB","193MB / 159MB","363MB / 897MB"
"2026-09-17T15:13:35.0723864+00:00","217","r-scylla2","6.96%","518MiB / 9.711GiB","190MB / 166MB","54.5MB / 896MB"
"2026-09-17T15:13:35.0723864+00:00","217","r-scylla3","6.83%","520.6MiB / 9.711GiB","193MB / 157MB","41.9MB / 896MB"
"2026-09-17T15:13:38.2545265+00:00","218","r-scylla1","7.21%","588.8MiB / 9.711GiB","193MB / 159MB","363MB / 897MB"
"2026-09-17T15:13:38.2545265+00:00","218","r-scylla2","6.68%","518.3MiB / 9.711GiB","190MB / 166MB","54.5MB / 896MB"
"2026-09-17T15:13:38.2545265+00:00","218","r-scylla3","7.31%","520.1MiB / 9.711GiB","193MB / 157MB","41.9MB / 896MB"
"2026-09-17T15:13:41.5163442+00:00","219","r-scylla1","7.85%","588.9MiB / 9.711GiB","193MB / 159MB","363MB / 897MB"
"2026-09-17T15:13:41.5163442+00:00","219","r-scylla2","7.81%","518.6MiB / 9.711GiB","190MB / 166MB","54.5MB / 896MB"
"2026-09-17T15:13:41.5163442+00:00","219","r-scylla3","6.57%","520.2MiB / 9.711GiB","193MB / 157MB","41.9MB / 896MB"
"2026-09-17T15:13:44.7375744+00:00","220","r-scylla1","8.14%","589.2MiB / 9.711GiB","193MB / 159MB","363MB / 897MB"
"2026-09-17T15:13:44.7375744+00:00","220","r-scylla2","5.89%","518.5MiB / 9.711GiB","190MB / 166MB","54.5MB / 896MB"
"2026-09-17T15:13:44.7375744+00:00","220","r-scylla3","4.99%","520.6MiB / 9.711GiB","193MB / 158MB","41.9MB / 896MB"
"2026-09-17T15:13:47.9750319+00:00","221","r-scylla1","3.85%","589MiB / 9.711GiB","193MB / 159MB","363MB / 897MB"
"2026-09-17T15:13:47.9750319+00:00","221","r-scylla2","3.82%","518.2MiB / 9.711GiB","190MB / 166MB","54.5MB / 896MB"
"2026-09-17T15:13:47.9750319+00:00","221","r-scylla3","3.94%","520.3MiB / 9.711GiB","193MB / 158MB","41.9MB / 896MB"
"2026-09-17T15:13:51.1684993+00:00","222","r-scylla1","3.16%","589MiB / 9.711GiB","193MB / 159MB","363MB / 897MB"
"2026-09-17T15:13:51.1684993+00:00","222","r-scylla2","3.16%","518.5MiB / 9.711GiB","190MB / 166MB","54.5MB / 896MB"
"2026-09-17T15:13:51.1684993+00:00","222","r-scylla3","3.40%","520.6MiB / 9.711GiB","193MB / 158MB","41.9MB / 896MB"
"2026-09-17T15:13:54.2219431+00:00","223","r-scylla1","3.84%","589.2MiB / 9.711GiB","193MB / 160MB","363MB / 897MB"
"2026-09-17T15:13:54.2219431+00:00","223","r-scylla2","3.95%","518.2MiB / 9.711GiB","190MB / 167MB","54.5MB / 896MB"
"2026-09-17T15:13:54.2219431+00:00","223","r-scylla3","3.58%","521.1MiB / 9.711GiB","193MB / 158MB","41.9MB / 896MB"
"2026-09-17T15:13:57.4385274+00:00","224","r-scylla1","3.11%","589MiB / 9.711GiB","193MB / 160MB","363MB / 897MB"
"2026-09-17T15:13:57.4385274+00:00","224","r-scylla2","3.89%","518.5MiB / 9.711GiB","190MB / 167MB","54.5MB / 896MB"
"2026-09-17T15:13:57.4385274+00:00","224","r-scylla3","3.79%","520.6MiB / 9.711GiB","193MB / 158MB","41.9MB / 896MB"
"2026-09-17T15:14:00.6805376+00:00","225","r-scylla1","3.99%","589MiB / 9.711GiB","193MB / 160MB","363MB / 897MB"
"2026-09-17T15:14:00.6805376+00:00","225","r-scylla2","4.72%","518.5MiB / 9.711GiB","190MB / 167MB","54.5MB / 896MB"
"2026-09-17T15:14:00.6805376+00:00","225","r-scylla3","4.00%","520.6MiB / 9.711GiB","193MB / 158MB","41.9MB / 896MB"
"2026-09-17T15:14:03.7266550+00:00","226","r-scylla1","3.92%","589.2MiB / 9.711GiB","193MB / 160MB","363MB / 897MB"
"2026-09-17T15:14:03.7266550+00:00","226","r-scylla2","3.82%","518.5MiB / 9.711GiB","190MB / 167MB","54.5MB / 896MB"
"2026-09-17T15:14:03.7266550+00:00","226","r-scylla3","2.70%","520.6MiB / 9.711GiB","194MB / 158MB","41.9MB / 896MB"
"2026-09-17T15:14:06.9117135+00:00","227","r-scylla1","4.33%","589.2MiB / 9.711GiB","193MB / 160MB","363MB / 897MB"
"2026-09-17T15:14:06.9117135+00:00","227","r-scylla2","5.31%","518.2MiB / 9.711GiB","190MB / 167MB","54.5MB / 896MB"
"2026-09-17T15:14:06.9117135+00:00","227","r-scylla3","4.71%","520.6MiB / 9.711GiB","194MB / 158MB","41.9MB / 896MB"
"2026-09-17T15:14:10.1174836+00:00","228","r-scylla1","3.37%","589MiB / 9.711GiB","193MB / 160MB","363MB / 897MB"
"2026-09-17T15:14:10.1174836+00:00","228","r-scylla2","4.06%","518.2MiB / 9.711GiB","190MB / 167MB","54.5MB / 896MB"
"2026-09-17T15:14:10.1174836+00:00","228","r-scylla3","3.24%","520.6MiB / 9.711GiB","194MB / 158MB","41.9MB / 896MB"
"2026-09-17T15:14:13.1878278+00:00","229","r-scylla1","4.61%","589.5MiB / 9.711GiB","193MB / 160MB","363MB / 897MB"
"2026-09-17T15:14:13.1878278+00:00","229","r-scylla2","4.02%","518.2MiB / 9.711GiB","190MB / 167MB","54.5MB / 896MB"
"2026-09-17T15:14:13.1878278+00:00","229","r-scylla3","6.13%","520.6MiB / 9.711GiB","194MB / 158MB","41.9MB / 896MB"
"2026-09-17T15:14:16.4491824+00:00","230","r-scylla1","4.18%","589.2MiB / 9.711GiB","194MB / 160MB","363MB / 897MB"
"2026-09-17T15:14:16.4491824+00:00","230","r-scylla2","4.41%","518.2MiB / 9.711GiB","190MB / 167MB","54.5MB / 896MB"
"2026-09-17T15:14:16.4491824+00:00","230","r-scylla3","5.05%","520.3MiB / 9.711GiB","194MB / 158MB","41.9MB / 896MB"
"2026-09-17T15:14:19.6946734+00:00","231","r-scylla1","3.83%","589MiB / 9.711GiB","194MB / 160MB","363MB / 897MB"
"2026-09-17T15:14:19.6946734+00:00","231","r-scylla2","4.35%","518.7MiB / 9.711GiB","190MB / 167MB","54.5MB / 896MB"
"2026-09-17T15:14:19.6946734+00:00","231","r-scylla3","3.77%","520.6MiB / 9.711GiB","194MB / 158MB","41.9MB / 896MB"
"2026-09-17T15:14:22.7668770+00:00","232","r-scylla1","4.46%","589MiB / 9.711GiB","194MB / 160MB","363MB / 897MB"
"2026-09-17T15:14:22.7668770+00:00","232","r-scylla2","3.73%","518.2MiB / 9.711GiB","190MB / 167MB","54.5MB / 896MB"
"2026-09-17T15:14:22.7668770+00:00","232","r-scylla3","3.42%","520.3MiB / 9.711GiB","194MB / 158MB","41.9MB / 896MB"
"2026-09-17T15:14:26.0194511+00:00","233","r-scylla1","3.85%","589MiB / 9.711GiB","194MB / 160MB","363MB / 897MB"
"2026-09-17T15:14:26.0194511+00:00","233","r-scylla2","4.87%","518.2MiB / 9.711GiB","190MB / 167MB","54.5MB / 896MB"
"2026-09-17T15:14:26.0194511+00:00","233","r-scylla3","4.25%","520.6MiB / 9.711GiB","194MB / 158MB","41.9MB / 896MB"
"2026-09-17T15:14:29.2786872+00:00","234","r-scylla1","4.64%","589.2MiB / 9.711GiB","194MB / 160MB","363MB / 897MB"
"2026-09-17T15:14:29.2786872+00:00","234","r-scylla2","3.89%","518.5MiB / 9.711GiB","190MB / 167MB","54.5MB / 896MB"
"2026-09-17T15:14:29.2786872+00:00","234","r-scylla3","4.39%","520.3MiB / 9.711GiB","194MB / 158MB","41.9MB / 896MB"
"2026-09-17T15:14:32.3321722+00:00","235","r-scylla1","4.24%","589MiB / 9.711GiB","194MB / 160MB","363MB / 897MB"
"2026-09-17T15:14:32.3321722+00:00","235","r-scylla2","4.71%","518.2MiB / 9.711GiB","190MB / 168MB","54.5MB / 896MB"
"2026-09-17T15:14:32.3321722+00:00","235","r-scylla3","4.33%","520.3MiB / 9.711GiB","194MB / 158MB","41.9MB / 896MB"
"2026-09-17T15:14:35.5761649+00:00","236","r-scylla1","4.76%","589MiB / 9.711GiB","194MB / 160MB","363MB / 897MB"
"2026-09-17T15:14:35.5761649+00:00","236","r-scylla2","4.81%","518.5MiB / 9.711GiB","190MB / 168MB","54.5MB / 896MB"
"2026-09-17T15:14:35.5761649+00:00","236","r-scylla3","4.25%","520.3MiB / 9.711GiB","194MB / 158MB","41.9MB / 896MB"
"2026-09-17T15:14:38.8516555+00:00","237","r-scylla1","4.89%","589MiB / 9.711GiB","194MB / 160MB","363MB / 897MB"
"2026-09-17T15:14:38.8516555+00:00","237","r-scylla2","4.47%","518.2MiB / 9.711GiB","190MB / 168MB","54.5MB / 896MB"
"2026-09-17T15:14:38.8516555+00:00","237","r-scylla3","3.67%","520.3MiB / 9.711GiB","194MB / 158MB","41.9MB / 896MB"
"2026-09-17T15:14:42.1409651+00:00","238","r-scylla1","4.12%","589MiB / 9.711GiB","194MB / 160MB","363MB / 897MB"
"2026-09-17T15:14:42.1409651+00:00","238","r-scylla2","4.71%","518.2MiB / 9.711GiB","190MB / 168MB","54.5MB / 896MB"
"2026-09-17T15:14:42.1409651+00:00","238","r-scylla3","4.45%","520.6MiB / 9.711GiB","194MB / 158MB","41.9MB / 896MB"
"2026-09-17T15:14:45.3858692+00:00","239","r-scylla1","3.91%","589.2MiB / 9.711GiB","194MB / 160MB","363MB / 897MB"
"2026-09-17T15:14:45.3858692+00:00","239","r-scylla2","4.62%","518.5MiB / 9.711GiB","190MB / 168MB","54.5MB / 896MB"
"2026-09-17T15:14:45.3858692+00:00","239","r-scylla3","3.98%","520.6MiB / 9.711GiB","194MB / 158MB","41.9MB / 896MB"
"2026-09-17T15:14:48.6443863+00:00","240","r-scylla1","4.34%","589.2MiB / 9.711GiB","194MB / 160MB","363MB / 897MB"
"2026-09-17T15:14:48.6443863+00:00","240","r-scylla2","4.16%","518.2MiB / 9.711GiB","190MB / 168MB","54.5MB / 896MB"
"2026-09-17T15:14:48.6443863+00:00","240","r-scylla3","4.44%","520.3MiB / 9.711GiB","194MB / 158MB","41.9MB / 896MB"
"2026-09-17T15:14:51.9295694+00:00","241","r-scylla1","4.46%","589.2MiB / 9.711GiB","194MB / 160MB","363MB / 897MB"
"2026-09-17T15:14:51.9295694+00:00","241","r-scylla2","4.55%","518.2MiB / 9.711GiB","191MB / 168MB","54.5MB / 896MB"
"2026-09-17T15:14:51.9295694+00:00","241","r-scylla3","5.67%","520.6MiB / 9.711GiB","194MB / 158MB","41.9MB / 896MB"
"2026-09-17T15:14:55.1850075+00:00","242","r-scylla1","3.38%","589.2MiB / 9.711GiB","194MB / 160MB","363MB / 897MB"
"2026-09-17T15:14:55.1850075+00:00","242","r-scylla2","3.69%","518.2MiB / 9.711GiB","191MB / 168MB","54.5MB / 896MB"
"2026-09-17T15:14:55.1850075+00:00","242","r-scylla3","4.11%","520.6MiB / 9.711GiB","194MB / 158MB","41.9MB / 896MB"
"2026-09-17T15:14:58.3934567+00:00","243","r-scylla1","5.46%","589MiB / 9.711GiB","194MB / 160MB","363MB / 897MB"
"2026-09-17T15:14:58.3934567+00:00","243","r-scylla2","4.19%","518.5MiB / 9.711GiB","191MB / 168MB","54.5MB / 896MB"
"2026-09-17T15:14:58.3934567+00:00","243","r-scylla3","3.96%","520.3MiB / 9.711GiB","194MB / 158MB","41.9MB / 896MB"
"2026-09-17T15:15:01.6646370+00:00","244","r-scylla1","5.03%","589MiB / 9.711GiB","194MB / 160MB","363MB / 897MB"
"2026-09-17T15:15:01.6646370+00:00","244","r-scylla2","4.69%","518.5MiB / 9.711GiB","191MB / 168MB","54.5MB / 896MB"
"2026-09-17T15:15:01.6646370+00:00","244","r-scylla3","3.92%","520.3MiB / 9.711GiB","194MB / 158MB","41.9MB / 896MB"
"2026-09-17T15:15:04.9282156+00:00","245","r-scylla1","3.99%","589MiB / 9.711GiB","194MB / 160MB","363MB / 897MB"
"2026-09-17T15:15:04.9282156+00:00","245","r-scylla2","4.03%","518.5MiB / 9.711GiB","191MB / 168MB","54.5MB / 896MB"
"2026-09-17T15:15:04.9282156+00:00","245","r-scylla3","4.04%","520.3MiB / 9.711GiB","194MB / 158MB","41.9MB / 896MB"
"2026-09-17T15:15:08.1786202+00:00","246","r-scylla1","4.36%","589.2MiB / 9.711GiB","194MB / 160MB","363MB / 897MB"
"2026-09-17T15:15:08.1786202+00:00","246","r-scylla2","4.33%","518.2MiB / 9.711GiB","191MB / 168MB","54.5MB / 896MB"
"2026-09-17T15:15:08.1786202+00:00","246","r-scylla3","4.23%","520.6MiB / 9.711GiB","194MB / 158MB","41.9MB / 896MB"
"2026-09-17T15:15:11.4700374+00:00","247","r-scylla1","4.29%","589.2MiB / 9.711GiB","194MB / 160MB","363MB / 897MB"
"2026-09-17T15:15:11.4700374+00:00","247","r-scylla2","4.08%","518.5MiB / 9.711GiB","191MB / 169MB","54.5MB / 896MB"
"2026-09-17T15:15:11.4700374+00:00","247","r-scylla3","4.18%","520.3MiB / 9.711GiB","195MB / 159MB","41.9MB / 896MB"
"2026-09-17T15:15:14.7197716+00:00","248","r-scylla1","3.98%","589.2MiB / 9.711GiB","194MB / 160MB","363MB / 897MB"
"2026-09-17T15:15:14.7197716+00:00","248","r-scylla2","4.31%","518.5MiB / 9.711GiB","191MB / 169MB","54.5MB / 896MB"
"2026-09-17T15:15:14.7197716+00:00","248","r-scylla3","6.16%","520.3MiB / 9.711GiB","195MB / 159MB","41.9MB / 896MB"
"2026-09-17T15:15:17.9602871+00:00","249","r-scylla1","5.21%","589MiB / 9.711GiB","194MB / 160MB","363MB / 897MB"
"2026-09-17T15:15:17.9602871+00:00","249","r-scylla2","4.94%","518.5MiB / 9.711GiB","191MB / 169MB","54.5MB / 896MB"
"2026-09-17T15:15:17.9602871+00:00","249","r-scylla3","3.94%","520.3MiB / 9.711GiB","195MB / 159MB","41.9MB / 896MB"
"2026-09-17T15:15:21.2307036+00:00","250","r-scylla1","4.74%","589MiB / 9.711GiB","194MB / 160MB","363MB / 897MB"
"2026-09-17T15:15:21.2307036+00:00","250","r-scylla2","4.33%","518.2MiB / 9.711GiB","191MB / 169MB","54.5MB / 896MB"
"2026-09-17T15:15:21.2307036+00:00","250","r-scylla3","5.13%","520.3MiB / 9.711GiB","195MB / 159MB","41.9MB / 896MB"
"2026-09-17T15:15:24.2765862+00:00","251","r-scylla1","4.74%","589MiB / 9.711GiB","195MB / 160MB","363MB / 897MB"
"2026-09-17T15:15:24.2765862+00:00","251","r-scylla2","4.07%","518.2MiB / 9.711GiB","191MB / 169MB","54.5MB / 896MB"
"2026-09-17T15:15:24.2765862+00:00","251","r-scylla3","4.17%","520.8MiB / 9.711GiB","195MB / 159MB","41.9MB / 896MB"
"2026-09-17T15:15:27.5040898+00:00","252","r-scylla1","4.10%","589.2MiB / 9.711GiB","195MB / 160MB","363MB / 897MB"
"2026-09-17T15:15:27.5040898+00:00","252","r-scylla2","4.00%","518.2MiB / 9.711GiB","191MB / 169MB","54.5MB / 896MB"
"2026-09-17T15:15:27.5040898+00:00","252","r-scylla3","5.09%","520.6MiB / 9.711GiB","195MB / 159MB","41.9MB / 896MB"
"2026-09-17T15:15:30.7661683+00:00","253","r-scylla1","4.50%","589MiB / 9.711GiB","195MB / 160MB","363MB / 897MB"
"2026-09-17T15:15:30.7661683+00:00","253","r-scylla2","4.62%","518.5MiB / 9.711GiB","191MB / 169MB","54.5MB / 896MB"
"2026-09-17T15:15:30.7661683+00:00","253","r-scylla3","4.98%","520.3MiB / 9.711GiB","195MB / 159MB","41.9MB / 896MB"
"2026-09-17T15:15:33.8207769+00:00","254","r-scylla1","3.46%","589MiB / 9.711GiB","195MB / 160MB","363MB / 897MB"
"2026-09-17T15:15:33.8207769+00:00","254","r-scylla2","3.28%","518.5MiB / 9.711GiB","191MB / 169MB","54.5MB / 896MB"
"2026-09-17T15:15:33.8207769+00:00","254","r-scylla3","3.61%","520.3MiB / 9.711GiB","195MB / 159MB","41.9MB / 896MB"
"2026-09-17T15:15:37.0113473+00:00","255","r-scylla1","3.43%","589MiB / 9.711GiB","195MB / 161MB","363MB / 897MB"
"2026-09-17T15:15:37.0113473+00:00","255","r-scylla2","3.98%","518.2MiB / 9.711GiB","191MB / 169MB","54.5MB / 896MB"
"2026-09-17T15:15:37.0113473+00:00","255","r-scylla3","3.83%","520.8MiB / 9.711GiB","195MB / 159MB","41.9MB / 896MB"
"2026-09-17T15:15:40.2476636+00:00","256","r-scylla1","3.36%","589MiB / 9.711GiB","195MB / 161MB","363MB / 897MB"
"2026-09-17T15:15:40.2476636+00:00","256","r-scylla2","3.82%","518.5MiB / 9.711GiB","191MB / 169MB","54.5MB / 896MB"
"2026-09-17T15:15:40.2476636+00:00","256","r-scylla3","3.58%","520.3MiB / 9.711GiB","195MB / 159MB","41.9MB / 896MB"
"2026-09-17T15:15:43.2845306+00:00","257","r-scylla1","4.60%","589MiB / 9.711GiB","195MB / 161MB","363MB / 897MB"
"2026-09-17T15:15:43.2845306+00:00","257","r-scylla2","3.87%","518.7MiB / 9.711GiB","191MB / 169MB","54.5MB / 896MB"
"2026-09-17T15:15:43.2845306+00:00","257","r-scylla3","4.00%","520.6MiB / 9.711GiB","195MB / 159MB","41.9MB / 896MB"
"2026-09-17T15:15:46.5001736+00:00","258","r-scylla1","3.76%","589MiB / 9.711GiB","195MB / 161MB","363MB / 897MB"
"2026-09-17T15:15:46.5001736+00:00","258","r-scylla2","4.02%","518.2MiB / 9.711GiB","191MB / 169MB","54.5MB / 896MB"
"2026-09-17T15:15:46.5001736+00:00","258","r-scylla3","4.02%","520.3MiB / 9.711GiB","195MB / 159MB","41.9MB / 896MB"
