timestamp,table_id,tablet_rows,size_rows,placement_replicas,size_replicas,token_sets_equal,complete_size_groups
2026-09-21T11:47:26.879236+00:00,78bc4800-b5b1-11f1-b114-205badb8c8b6,64,64,128,128,True,64
2026-09-21T11:47:27.981392+00:00,78bc4800-b5b1-11f1-b114-205badb8c8b6,64,64,128,128,True,64
2026-09-21T11:47:29.069974+00:00,78bc4800-b5b1-11f1-b114-205badb8c8b6,64,64,128,128,True,64
2026-09-21T11:47:30.148251+00:00,78bc4800-b5b1-11f1-b114-205badb8c8b6,64,64,128,128,True,64
2026-09-21T11:47:31.218856+00:00,78bc4800-b5b1-11f1-b114-205badb8c8b6,64,64,128,128,True,64
2026-09-21T11:47:32.296255+00:00,78bc4800-b5b1-11f1-b114-205badb8c8b6,64,64,128,128,True,64
2026-09-21T11:47:33.368125+00:00,78bc4800-b5b1-11f1-b114-205badb8c8b6,64,64,128,128,True,64
2026-09-21T11:47:34.440020+00:00,78bc4800-b5b1-11f1-b114-205badb8c8b6,64,64,128,128,True,64
2026-09-21T11:47:35.479294+00:00,78bc4800-b5b1-11f1-b114-205badb8c8b6,64,64,128,128,True,64
2026-09-21T11:47:36.543192+00:00,78bc4800-b5b1-11f1-b114-205badb8c8b6,64,64,128,128,True,64
2026-09-21T11:47:37.610267+00:00,78bc4800-b5b1-11f1-b114-205badb8c8b6,64,64,128,128,True,64
2026-09-21T11:47:38.678869+00:00,78bc4800-b5b1-11f1-b114-205badb8c8b6,64,64,128,128,True,64
2026-09-21T11:47:39.725300+00:00,78bc4800-b5b1-11f1-b114-205badb8c8b6,64,64,128,128,True,64
2026-09-21T11:47:40.772854+00:00,78bc4800-b5b1-11f1-b114-205badb8c8b6,64,64,128,128,True,64
2026-09-21T11:47:41.844845+00:00,78bc4800-b5b1-11f1-b114-205badb8c8b6,64,64,128,128,True,64
2026-09-21T11:47:42.928188+00:00,78bc4800-b5b1-11f1-b114-205badb8c8b6,64,64,128,128,True,64
2026-09-21T11:47:44.000467+00:00,78bc4800-b5b1-11f1-b114-205badb8c8b6,64,64,128,128,True,64
2026-09-21T11:47:45.068839+00:00,78bc4800-b5b1-11f1-b114-205badb8c8b6,64,64,128,128,True,64
2026-09-21T11:47:46.125355+00:00,78bc4800-b5b1-11f1-b114-205badb8c8b6,64,64,128,128,True,64
2026-09-21T11:47:47.218261+00:00,78bc4800-b5b1-11f1-b114-205badb8c8b6,64,64,128,128,True,64
2026-09-21T11:47:48.294908+00:00,78bc4800-b5b1-11f1-b114-205badb8c8b6,64,64,128,128,True,64
2026-09-21T11:47:49.362265+00:00,78bc4800-b5b1-11f1-b114-205badb8c8b6,64,64,128,128,True,64
2026-09-21T11:47:50.424846+00:00,78bc4800-b5b1-11f1-b114-205badb8c8b6,64,64,128,128,True,64
2026-09-21T11:47:51.503110+00:00,78bc4800-b5b1-11f1-b114-205badb8c8b6,64,64,128,128,True,64
2026-09-21T11:47:52.596897+00:00,78bc4800-b5b1-11f1-b114-205badb8c8b6,64,64,128,128,True,64
2026-09-21T11:47:53.686860+00:00,78bc4800-b5b1-11f1-b114-205badb8c8b6,64,64,128,128,True,64
2026-09-21T11:47:54.749745+00:00,78bc4800-b5b1-11f1-b114-205badb8c8b6,64,64,128,128,True,64
2026-09-21T11:47:55.835053+00:00,78bc4800-b5b1-11f1-b114-205badb8c8b6,64,64,128,128,True,64
2026-09-21T11:47:56.892473+00:00,78bc4800-b5b1-11f1-b114-205badb8c8b6,64,64,128,128,True,64
2026-09-21T11:47:57.961536+00:00,78bc4800-b5b1-11f1-b114-205badb8c8b6,64,64,128,128,True,64
2026-09-21T11:47:59.018321+00:00,78bc4800-b5b1-11f1-b114-205badb8c8b6,64,64,128,128,True,64
2026-09-21T11:48:00.115854+00:00,78bc4800-b5b1-11f1-b114-205badb8c8b6,64,64,128,128,True,64
2026-09-21T11:48:01.193354+00:00,78bc4800-b5b1-11f1-b114-205badb8c8b6,64,64,128,128,True,64
2026-09-21T11:48:02.245803+00:00,78bc4800-b5b1-11f1-b114-205badb8c8b6,64,64,128,128,True,64
2026-09-21T11:48:03.370468+00:00,78bc4800-b5b1-11f1-b114-205badb8c8b6,64,64,128,128,True,64
2026-09-21T11:48:04.416774+00:00,78bc4800-b5b1-11f1-b114-205badb8c8b6,64,64,128,128,True,64
2026-09-21T11:48:05.485370+00:00,78bc4800-b5b1-11f1-b114-205badb8c8b6,64,64,128,128,True,64
2026-09-21T11:48:06.577060+00:00,78bc4800-b5b1-11f1-b114-205badb8c8b6,64,64,128,128,True,64
2026-09-21T11:48:07.633119+00:00,78bc4800-b5b1-11f1-b114-205badb8c8b6,64,64,128,128,True,64
2026-09-21T11:48:08.742472+00:00,78bc4800-b5b1-11f1-b114-205badb8c8b6,64,64,128,128,True,64
2026-09-21T11:48:09.914901+00:00,78bc4800-b5b1-11f1-b114-205badb8c8b6,64,64,128,128,True,64
2026-09-21T11:48:10.973960+00:00,78bc4800-b5b1-11f1-b114-205badb8c8b6,64,64,128,128,True,64
2026-09-21T11:48:12.038572+00:00,78bc4800-b5b1-11f1-b114-205badb8c8b6,64,64,128,128,True,64
2026-09-21T11:48:13.107588+00:00,78bc4800-b5b1-11f1-b114-205badb8c8b6,64,64,128,128,True,64
2026-09-21T11:48:14.184634+00:00,78bc4800-b5b1-11f1-b114-205badb8c8b6,64,64,128,128,True,64
2026-09-21T11:48:15.255033+00:00,78bc4800-b5b1-11f1-b114-205badb8c8b6,64,64,128,128,True,64
2026-09-21T11:48:16.322587+00:00,78bc4800-b5b1-11f1-b114-205badb8c8b6,64,64,128,128,True,64
2026-09-21T11:48:17.395361+00:00,78bc4800-b5b1-11f1-b114-205badb8c8b6,64,64,128,128,True,64
2026-09-21T11:48:18.460263+00:00,78bc4800-b5b1-11f1-b114-205badb8c8b6,64,64,128,128,True,64
2026-09-21T11:48:19.491598+00:00,78bc4800-b5b1-11f1-b114-205badb8c8b6,64,64,128,128,True,64
2026-09-21T11:48:20.535782+00:00,78bc4800-b5b1-11f1-b114-205badb8c8b6,64,64,128,128,True,64
2026-09-21T11:48:21.601853+00:00,78bc4800-b5b1-11f1-b114-205badb8c8b6,64,64,128,128,True,64
2026-09-21T11:48:22.658661+00:00,78bc4800-b5b1-11f1-b114-205badb8c8b6,64,64,128,128,True,64
2026-09-21T11:48:23.734120+00:00,78bc4800-b5b1-11f1-b114-205badb8c8b6,64,64,128,128,True,64
2026-09-21T11:48:24.791274+00:00,78bc4800-b5b1-11f1-b114-205badb8c8b6,64,64,128,128,True,64
2026-09-21T11:48:25.869318+00:00,78bc4800-b5b1-11f1-b114-205badb8c8b6,64,64,128,128,True,64
2026-09-21T11:48:26.943197+00:00,78bc4800-b5b1-11f1-b114-205badb8c8b6,64,64,128,128,True,64
2026-09-21T11:48:28.024062+00:00,78bc4800-b5b1-11f1-b114-205badb8c8b6,64,64,128,128,True,64
2026-09-21T11:48:29.076075+00:00,78bc4800-b5b1-11f1-b114-205badb8c8b6,64,64,128,128,True,64
2026-09-21T11:48:30.169876+00:00,78bc4800-b5b1-11f1-b114-205badb8c8b6,64,64,128,128,True,64
2026-09-21T11:48:31.219394+00:00,78bc4800-b5b1-11f1-b114-205badb8c8b6,64,64,128,128,True,64
2026-09-21T11:48:32.289860+00:00,78bc4800-b5b1-11f1-b114-205badb8c8b6,64,64,128,128,True,64
2026-09-21T11:48:33.365032+00:00,78bc4800-b5b1-11f1-b114-205badb8c8b6,64,64,128,128,True,64
2026-09-21T11:48:34.467026+00:00,78bc4800-b5b1-11f1-b114-205badb8c8b6,64,64,128,128,True,64
2026-09-21T11:48:35.514476+00:00,78bc4800-b5b1-11f1-b114-205badb8c8b6,64,64,128,128,True,64
2026-09-21T11:48:36.576681+00:00,78bc4800-b5b1-11f1-b114-205badb8c8b6,64,64,128,128,True,64
2026-09-21T11:48:37.650512+00:00,78bc4800-b5b1-11f1-b114-205badb8c8b6,64,64,128,128,True,64
2026-09-21T11:48:38.717652+00:00,78bc4800-b5b1-11f1-b114-205badb8c8b6,64,64,128,128,True,64
2026-09-21T11:48:39.911155+00:00,78bc4800-b5b1-11f1-b114-205badb8c8b6,64,64,128,128,True,64
2026-09-21T11:48:41.246769+00:00,78bc4800-b5b1-11f1-b114-205badb8c8b6,64,64,128,128,True,64
2026-09-21T11:48:42.310236+00:00,78bc4800-b5b1-11f1-b114-205badb8c8b6,64,64,128,128,True,64
2026-09-21T11:48:43.367761+00:00,78bc4800-b5b1-11f1-b114-205badb8c8b6,64,64,128,128,True,64
2026-09-21T11:48:44.445207+00:00,78bc4800-b5b1-11f1-b114-205badb8c8b6,64,64,128,128,True,64
2026-09-21T11:48:45.504082+00:00,78bc4800-b5b1-11f1-b114-205badb8c8b6,64,64,128,128,True,64
2026-09-21T11:48:46.549069+00:00,78bc4800-b5b1-11f1-b114-205badb8c8b6,64,64,128,128,True,64
2026-09-21T11:48:47.625804+00:00,78bc4800-b5b1-11f1-b114-205badb8c8b6,64,64,128,128,True,64
2026-09-21T11:48:48.698374+00:00,78bc4800-b5b1-11f1-b114-205badb8c8b6,64,64,128,128,True,64
2026-09-21T11:48:49.765327+00:00,78bc4800-b5b1-11f1-b114-205badb8c8b6,64,64,128,128,True,64
2026-09-21T11:48:50.835263+00:00,78bc4800-b5b1-11f1-b114-205badb8c8b6,64,64,128,128,True,64
2026-09-21T11:48:51.909896+00:00,78bc4800-b5b1-11f1-b114-205badb8c8b6,64,64,128,128,True,64
2026-09-21T11:48:52.978005+00:00,78bc4800-b5b1-11f1-b114-205badb8c8b6,64,64,128,128,True,64
2026-09-21T11:48:54.013158+00:00,78bc4800-b5b1-11f1-b114-205badb8c8b6,64,64,128,128,True,64
2026-09-21T11:48:55.080765+00:00,78bc4800-b5b1-11f1-b114-205badb8c8b6,64,64,128,128,True,64
2026-09-21T11:48:56.141663+00:00,78bc4800-b5b1-11f1-b114-205badb8c8b6,64,64,128,128,True,64
2026-09-21T11:48:57.204283+00:00,78bc4800-b5b1-11f1-b114-205badb8c8b6,64,64,128,128,True,64
2026-09-21T11:48:58.248977+00:00,78bc4800-b5b1-11f1-b114-205badb8c8b6,64,64,128,128,True,64
2026-09-21T11:48:59.293521+00:00,78bc4800-b5b1-11f1-b114-205badb8c8b6,64,64,128,128,True,64
2026-09-21T11:49:00.527136+00:00,78bc4800-b5b1-11f1-b114-205badb8c8b6,64,64,128,128,True,64
2026-09-21T11:49:01.577571+00:00,78bc4800-b5b1-11f1-b114-205badb8c8b6,64,64,128,128,True,64
2026-09-21T11:49:02.665303+00:00,78bc4800-b5b1-11f1-b114-205badb8c8b6,64,64,128,128,True,64
2026-09-21T11:49:03.707771+00:00,78bc4800-b5b1-11f1-b114-205badb8c8b6,64,64,128,128,True,64
2026-09-21T11:49:04.765856+00:00,78bc4800-b5b1-11f1-b114-205badb8c8b6,64,64,128,128,True,64
2026-09-21T11:49:05.842428+00:00,78bc4800-b5b1-11f1-b114-205badb8c8b6,64,64,128,128,True,64
2026-09-21T11:49:06.908618+00:00,78bc4800-b5b1-11f1-b114-205badb8c8b6,64,64,128,128,True,64
2026-09-21T11:49:07.972882+00:00,78bc4800-b5b1-11f1-b114-205badb8c8b6,64,64,128,128,True,64
2026-09-21T11:49:09.098307+00:00,78bc4800-b5b1-11f1-b114-205badb8c8b6,64,64,128,128,True,64
2026-09-21T11:49:10.147029+00:00,78bc4800-b5b1-11f1-b114-205badb8c8b6,64,64,128,128,True,64
2026-09-21T11:49:11.220336+00:00,78bc4800-b5b1-11f1-b114-205badb8c8b6,64,64,128,128,True,64
2026-09-21T11:49:12.286915+00:00,78bc4800-b5b1-11f1-b114-205badb8c8b6,64,64,128,128,True,64
2026-09-21T11:49:13.365355+00:00,78bc4800-b5b1-11f1-b114-205badb8c8b6,64,64,128,128,True,64
2026-09-21T11:49:14.422232+00:00,78bc4800-b5b1-11f1-b114-205badb8c8b6,64,64,128,128,True,64
2026-09-21T11:49:15.508349+00:00,78bc4800-b5b1-11f1-b114-205badb8c8b6,64,64,128,128,True,64
2026-09-21T11:49:16.582371+00:00,78bc4800-b5b1-11f1-b114-205badb8c8b6,64,64,128,128,True,64
2026-09-21T11:49:17.663656+00:00,78bc4800-b5b1-11f1-b114-205badb8c8b6,64,64,128,128,True,64
2026-09-21T11:49:18.729972+00:00,78bc4800-b5b1-11f1-b114-205badb8c8b6,64,64,128,128,True,64
2026-09-21T11:49:19.769159+00:00,78bc4800-b5b1-11f1-b114-205badb8c8b6,64,64,128,128,True,64
2026-09-21T11:49:20.803296+00:00,78bc4800-b5b1-11f1-b114-205badb8c8b6,64,64,128,128,True,64
2026-09-21T11:49:21.850857+00:00,78bc4800-b5b1-11f1-b114-205badb8c8b6,64,64,128,128,True,64
2026-09-21T11:49:22.900886+00:00,78bc4800-b5b1-11f1-b114-205badb8c8b6,64,64,128,128,True,64
2026-09-21T11:49:23.955913+00:00,78bc4800-b5b1-11f1-b114-205badb8c8b6,64,64,128,128,True,64
2026-09-21T11:49:25.033537+00:00,78bc4800-b5b1-11f1-b114-205badb8c8b6,64,64,128,128,True,64
2026-09-21T11:49:26.119121+00:00,78bc4800-b5b1-11f1-b114-205badb8c8b6,64,64,128,128,True,64
2026-09-21T11:49:27.196433+00:00,78bc4800-b5b1-11f1-b114-205badb8c8b6,64,64,128,128,True,64
2026-09-21T11:49:28.262751+00:00,78bc4800-b5b1-11f1-b114-205badb8c8b6,64,64,128,128,True,64
2026-09-21T11:49:29.320826+00:00,78bc4800-b5b1-11f1-b114-205badb8c8b6,64,64,128,128,True,64
2026-09-21T11:49:30.373944+00:00,78bc4800-b5b1-11f1-b114-205badb8c8b6,64,64,128,128,True,64
2026-09-21T11:49:31.478669+00:00,78bc4800-b5b1-11f1-b114-205badb8c8b6,64,64,128,128,True,64
2026-09-21T11:49:32.561864+00:00,78bc4800-b5b1-11f1-b114-205badb8c8b6,64,64,128,128,True,64
2026-09-21T11:49:33.640146+00:00,78bc4800-b5b1-11f1-b114-205badb8c8b6,64,64,128,128,True,64
2026-09-21T11:49:34.710891+00:00,78bc4800-b5b1-11f1-b114-205badb8c8b6,64,64,128,128,True,64
2026-09-21T11:49:35.785649+00:00,78bc4800-b5b1-11f1-b114-205badb8c8b6,64,64,128,128,True,64
2026-09-21T11:49:36.853632+00:00,78bc4800-b5b1-11f1-b114-205badb8c8b6,64,64,128,128,True,64
2026-09-21T11:49:37.916135+00:00,78bc4800-b5b1-11f1-b114-205badb8c8b6,64,64,128,128,True,64
2026-09-21T11:49:39.089172+00:00,78bc4800-b5b1-11f1-b114-205badb8c8b6,64,64,128,128,True,64
2026-09-21T11:49:40.285887+00:00,78bc4800-b5b1-11f1-b114-205badb8c8b6,64,64,128,128,True,64
2026-09-21T11:49:41.346741+00:00,78bc4800-b5b1-11f1-b114-205badb8c8b6,64,64,128,128,True,64
2026-09-21T11:49:42.384383+00:00,78bc4800-b5b1-11f1-b114-205badb8c8b6,64,64,128,128,True,64
2026-09-21T11:49:43.440643+00:00,78bc4800-b5b1-11f1-b114-205badb8c8b6,64,64,128,128,True,64
2026-09-21T11:49:44.482185+00:00,78bc4800-b5b1-11f1-b114-205badb8c8b6,64,64,128,128,True,64
2026-09-21T11:49:45.524951+00:00,78bc4800-b5b1-11f1-b114-205badb8c8b6,64,64,128,128,True,64
2026-09-21T11:49:46.591020+00:00,78bc4800-b5b1-11f1-b114-205badb8c8b6,64,64,128,128,True,64
2026-09-21T11:49:47.638523+00:00,78bc4800-b5b1-11f1-b114-205badb8c8b6,64,64,128,128,True,64
2026-09-21T11:49:48.676446+00:00,78bc4800-b5b1-11f1-b114-205badb8c8b6,64,64,128,128,True,64
2026-09-21T11:49:49.767903+00:00,78bc4800-b5b1-11f1-b114-205badb8c8b6,64,64,128,128,True,64
2026-09-21T11:49:50.821564+00:00,78bc4800-b5b1-11f1-b114-205badb8c8b6,64,64,128,128,True,64
2026-09-21T11:49:51.888592+00:00,78bc4800-b5b1-11f1-b114-205badb8c8b6,64,64,128,128,True,64
2026-09-21T11:49:52.954993+00:00,78bc4800-b5b1-11f1-b114-205badb8c8b6,64,64,128,128,True,64
2026-09-21T11:49:54.008065+00:00,78bc4800-b5b1-11f1-b114-205badb8c8b6,64,64,128,128,True,64
2026-09-21T11:49:55.039030+00:00,78bc4800-b5b1-11f1-b114-205badb8c8b6,64,64,128,128,True,64
2026-09-21T11:49:56.068218+00:00,78bc4800-b5b1-11f1-b114-205badb8c8b6,64,64,128,128,True,64
2026-09-21T11:49:57.103159+00:00,78bc4800-b5b1-11f1-b114-205badb8c8b6,64,64,128,128,True,64
2026-09-21T11:49:58.152479+00:00,78bc4800-b5b1-11f1-b114-205badb8c8b6,64,64,128,128,True,64
2026-09-21T11:49:59.198732+00:00,78bc4800-b5b1-11f1-b114-205badb8c8b6,64,64,128,128,True,64
2026-09-21T11:50:00.251650+00:00,78bc4800-b5b1-11f1-b114-205badb8c8b6,64,64,128,128,True,64
2026-09-21T11:50:01.299125+00:00,78bc4800-b5b1-11f1-b114-205badb8c8b6,64,64,128,128,True,64
2026-09-21T11:50:02.349839+00:00,78bc4800-b5b1-11f1-b114-205badb8c8b6,64,64,128,128,True,64
2026-09-21T11:50:03.399656+00:00,78bc4800-b5b1-11f1-b114-205badb8c8b6,64,64,128,128,True,64
2026-09-21T11:50:04.448680+00:00,78bc4800-b5b1-11f1-b114-205badb8c8b6,64,64,128,128,True,64
2026-09-21T11:50:05.528545+00:00,78bc4800-b5b1-11f1-b114-205badb8c8b6,64,64,128,128,True,64
2026-09-21T11:50:06.580772+00:00,78bc4800-b5b1-11f1-b114-205badb8c8b6,64,64,128,128,True,64
2026-09-21T11:50:07.626023+00:00,78bc4800-b5b1-11f1-b114-205badb8c8b6,64,64,128,128,True,64
2026-09-21T11:50:08.701599+00:00,78bc4800-b5b1-11f1-b114-205badb8c8b6,64,64,128,128,True,64
2026-09-21T11:50:09.736677+00:00,78bc4800-b5b1-11f1-b114-205badb8c8b6,64,64,128,128,True,64
2026-09-21T11:50:10.789334+00:00,78bc4800-b5b1-11f1-b114-205badb8c8b6,64,64,128,128,True,64
2026-09-21T11:50:11.852520+00:00,78bc4800-b5b1-11f1-b114-205badb8c8b6,64,64,128,128,True,64
2026-09-21T11:50:12.904687+00:00,78bc4800-b5b1-11f1-b114-205badb8c8b6,64,64,128,128,True,64
2026-09-21T11:50:13.945084+00:00,78bc4800-b5b1-11f1-b114-205badb8c8b6,64,64,128,128,True,64
2026-09-21T11:50:14.992319+00:00,78bc4800-b5b1-11f1-b114-205badb8c8b6,64,64,128,128,True,64
2026-09-21T11:50:16.027228+00:00,78bc4800-b5b1-11f1-b114-205badb8c8b6,64,64,128,128,True,64
2026-09-21T11:50:17.094513+00:00,78bc4800-b5b1-11f1-b114-205badb8c8b6,64,64,128,128,True,64
2026-09-21T11:50:18.152980+00:00,78bc4800-b5b1-11f1-b114-205badb8c8b6,64,64,128,128,True,64
2026-09-21T11:50:19.192674+00:00,78bc4800-b5b1-11f1-b114-205badb8c8b6,64,64,128,128,True,64
2026-09-21T11:50:20.253038+00:00,78bc4800-b5b1-11f1-b114-205badb8c8b6,64,64,128,128,True,64
2026-09-21T11:50:21.290397+00:00,78bc4800-b5b1-11f1-b114-205badb8c8b6,64,64,128,128,True,64
2026-09-21T11:50:22.322668+00:00,78bc4800-b5b1-11f1-b114-205badb8c8b6,64,64,128,128,True,64
2026-09-21T11:50:23.373540+00:00,78bc4800-b5b1-11f1-b114-205badb8c8b6,64,64,128,128,True,64
2026-09-21T11:50:24.430298+00:00,78bc4800-b5b1-11f1-b114-205badb8c8b6,64,64,128,128,True,64
2026-09-21T11:50:25.476770+00:00,78bc4800-b5b1-11f1-b114-205badb8c8b6,64,64,128,128,True,64
2026-09-21T11:50:26.532289+00:00,78bc4800-b5b1-11f1-b114-205badb8c8b6,64,64,128,128,True,64
2026-09-21T11:50:27.568314+00:00,78bc4800-b5b1-11f1-b114-205badb8c8b6,64,64,128,128,True,64
2026-09-21T11:50:28.622830+00:00,78bc4800-b5b1-11f1-b114-205badb8c8b6,64,64,128,128,True,64
2026-09-21T11:50:29.682861+00:00,78bc4800-b5b1-11f1-b114-205badb8c8b6,64,64,128,128,True,64
2026-09-21T11:50:30.741944+00:00,78bc4800-b5b1-11f1-b114-205badb8c8b6,64,64,128,128,True,64
2026-09-21T11:50:31.818141+00:00,78bc4800-b5b1-11f1-b114-205badb8c8b6,64,64,128,128,True,64
2026-09-21T11:50:32.868982+00:00,78bc4800-b5b1-11f1-b114-205badb8c8b6,64,64,128,128,True,64
2026-09-21T11:50:33.923389+00:00,78bc4800-b5b1-11f1-b114-205badb8c8b6,64,64,128,128,True,64
2026-09-21T11:50:35.116315+00:00,78bc4800-b5b1-11f1-b114-205badb8c8b6,64,64,128,128,True,64
2026-09-21T11:50:36.138357+00:00,78bc4800-b5b1-11f1-b114-205badb8c8b6,64,64,128,128,True,64
2026-09-21T11:50:37.179824+00:00,78bc4800-b5b1-11f1-b114-205badb8c8b6,64,64,128,128,True,64
2026-09-21T11:50:38.230916+00:00,78bc4800-b5b1-11f1-b114-205badb8c8b6,64,64,128,128,True,64
2026-09-21T11:50:39.281520+00:00,78bc4800-b5b1-11f1-b114-205badb8c8b6,64,64,128,128,True,64
2026-09-21T11:50:40.306222+00:00,78bc4800-b5b1-11f1-b114-205badb8c8b6,64,64,128,128,True,64
2026-09-21T11:50:41.413933+00:00,78bc4800-b5b1-11f1-b114-205badb8c8b6,64,64,128,128,True,64
2026-09-21T11:50:42.463575+00:00,78bc4800-b5b1-11f1-b114-205badb8c8b6,64,64,128,128,True,64
2026-09-21T11:50:43.502722+00:00,78bc4800-b5b1-11f1-b114-205badb8c8b6,64,64,128,128,True,64
2026-09-21T11:50:44.563952+00:00,78bc4800-b5b1-11f1-b114-205badb8c8b6,64,64,128,128,True,64
2026-09-21T11:50:45.592846+00:00,78bc4800-b5b1-11f1-b114-205badb8c8b6,64,64,128,128,True,64
2026-09-21T11:50:46.672215+00:00,78bc4800-b5b1-11f1-b114-205badb8c8b6,64,64,128,128,True,64
2026-09-21T11:50:47.729050+00:00,78bc4800-b5b1-11f1-b114-205badb8c8b6,64,64,128,128,True,64
2026-09-21T11:50:48.766970+00:00,78bc4800-b5b1-11f1-b114-205badb8c8b6,64,64,128,128,True,64
2026-09-21T11:50:49.838903+00:00,78bc4800-b5b1-11f1-b114-205badb8c8b6,64,64,128,128,True,64
2026-09-21T11:50:50.888208+00:00,78bc4800-b5b1-11f1-b114-205badb8c8b6,64,64,128,128,True,64
2026-09-21T11:50:51.931763+00:00,78bc4800-b5b1-11f1-b114-205badb8c8b6,64,64,128,128,True,64
2026-09-21T11:50:52.980874+00:00,78bc4800-b5b1-11f1-b114-205badb8c8b6,64,64,128,128,True,64
2026-09-21T11:50:54.052887+00:00,78bc4800-b5b1-11f1-b114-205badb8c8b6,64,64,128,128,True,64
2026-09-21T11:50:55.098995+00:00,78bc4800-b5b1-11f1-b114-205badb8c8b6,64,64,128,128,True,64
2026-09-21T11:50:56.144745+00:00,78bc4800-b5b1-11f1-b114-205badb8c8b6,64,64,128,128,True,64
2026-09-21T11:50:57.175926+00:00,78bc4800-b5b1-11f1-b114-205badb8c8b6,64,64,128,128,True,64
2026-09-21T11:50:58.223020+00:00,78bc4800-b5b1-11f1-b114-205badb8c8b6,64,64,128,128,True,64
2026-09-21T11:50:59.295519+00:00,78bc4800-b5b1-11f1-b114-205badb8c8b6,64,64,128,128,True,64
2026-09-21T11:51:00.392319+00:00,78bc4800-b5b1-11f1-b114-205badb8c8b6,64,64,128,128,True,64
2026-09-21T11:51:01.444817+00:00,78bc4800-b5b1-11f1-b114-205badb8c8b6,64,64,128,128,True,64
2026-09-21T11:51:02.488277+00:00,78bc4800-b5b1-11f1-b114-205badb8c8b6,64,64,128,128,True,64
2026-09-21T11:51:03.544589+00:00,78bc4800-b5b1-11f1-b114-205badb8c8b6,64,64,128,128,True,64
2026-09-21T11:51:04.575625+00:00,78bc4800-b5b1-11f1-b114-205badb8c8b6,64,64,128,128,True,64
2026-09-21T11:51:05.613141+00:00,78bc4800-b5b1-11f1-b114-205badb8c8b6,64,64,128,128,True,64
2026-09-21T11:51:06.664082+00:00,78bc4800-b5b1-11f1-b114-205badb8c8b6,64,64,128,128,True,64
2026-09-21T11:51:07.722263+00:00,78bc4800-b5b1-11f1-b114-205badb8c8b6,64,64,128,128,True,64
2026-09-21T11:51:08.790619+00:00,78bc4800-b5b1-11f1-b114-205badb8c8b6,64,64,128,128,True,64
2026-09-21T11:51:09.836487+00:00,78bc4800-b5b1-11f1-b114-205badb8c8b6,64,64,128,128,True,64
2026-09-21T11:51:10.876628+00:00,78bc4800-b5b1-11f1-b114-205badb8c8b6,64,64,128,128,True,64
2026-09-21T11:51:11.923130+00:00,78bc4800-b5b1-11f1-b114-205badb8c8b6,64,64,128,128,True,64
2026-09-21T11:51:12.985967+00:00,78bc4800-b5b1-11f1-b114-205badb8c8b6,64,64,128,128,True,64
2026-09-21T11:51:14.041207+00:00,78bc4800-b5b1-11f1-b114-205badb8c8b6,64,64,128,128,True,64
2026-09-21T11:51:15.082017+00:00,78bc4800-b5b1-11f1-b114-205badb8c8b6,64,64,128,128,True,64
2026-09-21T11:51:16.118793+00:00,78bc4800-b5b1-11f1-b114-205badb8c8b6,64,64,128,128,True,64
2026-09-21T11:51:17.162011+00:00,78bc4800-b5b1-11f1-b114-205badb8c8b6,64,64,128,128,True,64
2026-09-21T11:51:18.217886+00:00,78bc4800-b5b1-11f1-b114-205badb8c8b6,64,64,128,128,True,64
2026-09-21T11:51:19.281841+00:00,78bc4800-b5b1-11f1-b114-205badb8c8b6,64,64,128,128,True,64
2026-09-21T11:51:20.333768+00:00,78bc4800-b5b1-11f1-b114-205badb8c8b6,64,64,128,128,True,64
2026-09-21T11:51:21.362822+00:00,78bc4800-b5b1-11f1-b114-205badb8c8b6,64,64,128,128,True,64
2026-09-21T11:51:22.391237+00:00,78bc4800-b5b1-11f1-b114-205badb8c8b6,64,64,128,128,True,64
2026-09-21T11:51:23.438941+00:00,78bc4800-b5b1-11f1-b114-205badb8c8b6,64,64,128,128,True,64
2026-09-21T11:51:24.472653+00:00,78bc4800-b5b1-11f1-b114-205badb8c8b6,64,64,128,128,True,64
2026-09-21T11:51:25.538411+00:00,78bc4800-b5b1-11f1-b114-205badb8c8b6,64,64,128,128,True,64
2026-09-21T11:51:26.605833+00:00,78bc4800-b5b1-11f1-b114-205badb8c8b6,64,64,128,128,True,64
2026-09-21T11:51:27.656146+00:00,78bc4800-b5b1-11f1-b114-205badb8c8b6,64,64,128,128,True,64
2026-09-21T11:51:28.690469+00:00,78bc4800-b5b1-11f1-b114-205badb8c8b6,64,64,128,128,True,64
2026-09-21T11:51:29.727009+00:00,78bc4800-b5b1-11f1-b114-205badb8c8b6,64,64,128,128,True,64
2026-09-21T11:51:30.787766+00:00,78bc4800-b5b1-11f1-b114-205badb8c8b6,64,64,128,128,True,64
2026-09-21T11:51:31.903190+00:00,78bc4800-b5b1-11f1-b114-205badb8c8b6,64,64,128,128,True,64
2026-09-21T11:51:33.053241+00:00,78bc4800-b5b1-11f1-b114-205badb8c8b6,64,64,128,128,True,64
2026-09-21T11:51:34.107324+00:00,78bc4800-b5b1-11f1-b114-205badb8c8b6,64,64,128,128,True,64
2026-09-21T11:51:35.153601+00:00,78bc4800-b5b1-11f1-b114-205badb8c8b6,64,64,128,128,True,64
2026-09-21T11:51:36.214383+00:00,78bc4800-b5b1-11f1-b114-205badb8c8b6,64,64,128,128,True,64
2026-09-21T11:51:37.249784+00:00,78bc4800-b5b1-11f1-b114-205badb8c8b6,64,64,128,125,True,61
2026-09-21T11:51:38.303034+00:00,78bc4800-b5b1-11f1-b114-205badb8c8b6,64,64,128,127,True,63
2026-09-21T11:51:39.356581+00:00,78bc4800-b5b1-11f1-b114-205badb8c8b6,64,64,128,127,True,63
2026-09-21T11:51:40.399916+00:00,78bc4800-b5b1-11f1-b114-205badb8c8b6,64,64,128,125,True,61
2026-09-21T11:51:41.444577+00:00,78bc4800-b5b1-11f1-b114-205badb8c8b6,64,64,128,126,True,62
2026-09-21T11:51:42.480046+00:00,78bc4800-b5b1-11f1-b114-205badb8c8b6,64,64,128,127,True,63
2026-09-21T11:51:43.512898+00:00,78bc4800-b5b1-11f1-b114-205badb8c8b6,64,64,128,128,True,64
2026-09-21T11:51:44.539015+00:00,78bc4800-b5b1-11f1-b114-205badb8c8b6,64,64,128,128,True,64
2026-09-21T11:51:45.565677+00:00,78bc4800-b5b1-11f1-b114-205badb8c8b6,64,64,128,128,True,64
2026-09-21T11:51:46.590184+00:00,78bc4800-b5b1-11f1-b114-205badb8c8b6,32,32,64,64,True,32
2026-09-21T11:51:47.622249+00:00,78bc4800-b5b1-11f1-b114-205badb8c8b6,32,32,64,63,True,31
2026-09-21T11:51:48.656248+00:00,78bc4800-b5b1-11f1-b114-205badb8c8b6,32,32,64,64,True,32
2026-09-21T11:51:49.744678+00:00,78bc4800-b5b1-11f1-b114-205badb8c8b6,32,32,64,64,True,32
2026-09-21T11:51:50.894947+00:00,78bc4800-b5b1-11f1-b114-205badb8c8b6,32,32,64,64,True,32
2026-09-21T11:51:51.938219+00:00,78bc4800-b5b1-11f1-b114-205badb8c8b6,32,32,64,64,True,32
2026-09-21T11:51:52.981577+00:00,78bc4800-b5b1-11f1-b114-205badb8c8b6,32,32,64,64,True,32
2026-09-21T11:51:54.010073+00:00,78bc4800-b5b1-11f1-b114-205badb8c8b6,32,32,64,64,True,32
2026-09-21T11:51:55.067450+00:00,78bc4800-b5b1-11f1-b114-205badb8c8b6,32,32,64,64,True,32
2026-09-21T11:51:56.150004+00:00,78bc4800-b5b1-11f1-b114-205badb8c8b6,32,32,64,64,True,32
2026-09-21T11:51:57.187801+00:00,78bc4800-b5b1-11f1-b114-205badb8c8b6,32,32,64,64,True,32
2026-09-21T11:51:58.244228+00:00,78bc4800-b5b1-11f1-b114-205badb8c8b6,32,32,64,64,True,32
2026-09-21T11:51:59.311677+00:00,78bc4800-b5b1-11f1-b114-205badb8c8b6,32,32,64,64,True,32
2026-09-21T11:52:00.364710+00:00,78bc4800-b5b1-11f1-b114-205badb8c8b6,32,32,64,64,True,32
2026-09-21T11:52:01.405131+00:00,78bc4800-b5b1-11f1-b114-205badb8c8b6,32,32,64,64,True,32
2026-09-21T11:52:02.433519+00:00,78bc4800-b5b1-11f1-b114-205badb8c8b6,32,32,64,64,True,32
2026-09-21T11:52:03.484821+00:00,78bc4800-b5b1-11f1-b114-205badb8c8b6,32,32,64,64,True,32
2026-09-21T11:52:04.511337+00:00,78bc4800-b5b1-11f1-b114-205badb8c8b6,32,32,64,64,True,32
2026-09-21T11:52:05.543469+00:00,78bc4800-b5b1-11f1-b114-205badb8c8b6,32,32,64,64,True,32
2026-09-21T11:52:06.588192+00:00,78bc4800-b5b1-11f1-b114-205badb8c8b6,32,32,64,64,True,32
2026-09-21T11:52:07.624979+00:00,78bc4800-b5b1-11f1-b114-205badb8c8b6,32,32,64,64,True,32
2026-09-21T11:52:08.661237+00:00,78bc4800-b5b1-11f1-b114-205badb8c8b6,32,32,64,64,True,32
2026-09-21T11:52:09.723191+00:00,78bc4800-b5b1-11f1-b114-205badb8c8b6,32,32,64,64,True,32
2026-09-21T11:52:10.803446+00:00,78bc4800-b5b1-11f1-b114-205badb8c8b6,32,32,64,64,True,32
2026-09-21T11:52:11.852677+00:00,78bc4800-b5b1-11f1-b114-205badb8c8b6,32,32,64,64,True,32
2026-09-21T11:52:12.894972+00:00,78bc4800-b5b1-11f1-b114-205badb8c8b6,32,32,64,64,True,32
2026-09-21T11:52:13.923569+00:00,78bc4800-b5b1-11f1-b114-205badb8c8b6,32,32,64,64,True,32
2026-09-21T11:52:14.974656+00:00,78bc4800-b5b1-11f1-b114-205badb8c8b6,32,32,64,64,True,32
2026-09-21T11:52:16.034033+00:00,78bc4800-b5b1-11f1-b114-205badb8c8b6,32,32,64,64,True,32
2026-09-21T11:52:17.081669+00:00,78bc4800-b5b1-11f1-b114-205badb8c8b6,32,32,64,64,True,32
2026-09-21T11:52:18.131087+00:00,78bc4800-b5b1-11f1-b114-205badb8c8b6,32,32,64,64,True,32
2026-09-21T11:52:19.188627+00:00,78bc4800-b5b1-11f1-b114-205badb8c8b6,32,32,64,64,True,32
2026-09-21T11:52:20.240971+00:00,78bc4800-b5b1-11f1-b114-205badb8c8b6,32,32,64,64,True,32
2026-09-21T11:52:21.288398+00:00,78bc4800-b5b1-11f1-b114-205badb8c8b6,32,32,64,64,True,32
2026-09-21T11:52:22.333607+00:00,78bc4800-b5b1-11f1-b114-205badb8c8b6,32,32,64,64,True,32
2026-09-21T11:52:23.358076+00:00,78bc4800-b5b1-11f1-b114-205badb8c8b6,32,32,64,64,True,32
2026-09-21T11:52:24.398115+00:00,78bc4800-b5b1-11f1-b114-205badb8c8b6,32,32,64,64,True,32
2026-09-21T11:52:25.455654+00:00,78bc4800-b5b1-11f1-b114-205badb8c8b6,32,32,64,64,True,32
2026-09-21T11:52:26.503487+00:00,78bc4800-b5b1-11f1-b114-205badb8c8b6,32,32,64,64,True,32
2026-09-21T11:52:27.549942+00:00,78bc4800-b5b1-11f1-b114-205badb8c8b6,32,32,64,64,True,32
2026-09-21T11:52:28.601272+00:00,78bc4800-b5b1-11f1-b114-205badb8c8b6,32,32,64,64,True,32
2026-09-21T11:52:29.675445+00:00,78bc4800-b5b1-11f1-b114-205badb8c8b6,32,32,64,64,True,32
2026-09-21T11:52:30.710026+00:00,78bc4800-b5b1-11f1-b114-205badb8c8b6,32,32,64,64,True,32
2026-09-21T11:52:31.768437+00:00,78bc4800-b5b1-11f1-b114-205badb8c8b6,32,32,64,64,True,32
2026-09-21T11:52:32.818813+00:00,78bc4800-b5b1-11f1-b114-205badb8c8b6,32,32,64,64,True,32
2026-09-21T11:52:33.860524+00:00,78bc4800-b5b1-11f1-b114-205badb8c8b6,32,32,64,64,True,32
2026-09-21T11:52:34.910823+00:00,78bc4800-b5b1-11f1-b114-205badb8c8b6,32,32,64,64,True,32
2026-09-21T11:52:35.950089+00:00,78bc4800-b5b1-11f1-b114-205badb8c8b6,32,32,64,64,True,32
2026-09-21T11:52:36.973058+00:00,78bc4800-b5b1-11f1-b114-205badb8c8b6,32,32,64,64,True,32
2026-09-21T11:52:38.011034+00:00,78bc4800-b5b1-11f1-b114-205badb8c8b6,32,32,64,64,True,32
2026-09-21T11:52:39.063452+00:00,78bc4800-b5b1-11f1-b114-205badb8c8b6,32,32,64,64,True,32
2026-09-21T11:52:40.119951+00:00,78bc4800-b5b1-11f1-b114-205badb8c8b6,32,32,64,64,True,32
2026-09-21T11:52:41.172797+00:00,78bc4800-b5b1-11f1-b114-205badb8c8b6,32,32,64,64,True,32
2026-09-21T11:52:42.226965+00:00,78bc4800-b5b1-11f1-b114-205badb8c8b6,32,32,64,64,True,32
2026-09-21T11:52:43.252683+00:00,78bc4800-b5b1-11f1-b114-205badb8c8b6,32,32,64,64,True,32
2026-09-21T11:52:44.299052+00:00,78bc4800-b5b1-11f1-b114-205badb8c8b6,32,32,64,64,True,32
2026-09-21T11:52:45.385208+00:00,78bc4800-b5b1-11f1-b114-205badb8c8b6,32,32,64,64,True,32
2026-09-21T11:52:46.428424+00:00,78bc4800-b5b1-11f1-b114-205badb8c8b6,32,32,64,64,True,32
2026-09-21T11:52:47.495550+00:00,78bc4800-b5b1-11f1-b114-205badb8c8b6,32,32,64,64,True,32
2026-09-21T11:52:48.543293+00:00,78bc4800-b5b1-11f1-b114-205badb8c8b6,32,32,64,64,True,32
2026-09-21T11:52:49.602083+00:00,78bc4800-b5b1-11f1-b114-205badb8c8b6,32,32,64,64,True,32
2026-09-21T11:52:50.693182+00:00,78bc4800-b5b1-11f1-b114-205badb8c8b6,32,32,64,64,True,32
2026-09-21T11:52:51.749741+00:00,78bc4800-b5b1-11f1-b114-205badb8c8b6,32,32,64,64,True,32
2026-09-21T11:52:52.787133+00:00,78bc4800-b5b1-11f1-b114-205badb8c8b6,32,32,64,64,True,32
2026-09-21T11:52:53.831045+00:00,78bc4800-b5b1-11f1-b114-205badb8c8b6,32,32,64,64,True,32
2026-09-21T11:52:54.880890+00:00,78bc4800-b5b1-11f1-b114-205badb8c8b6,32,32,64,64,True,32
2026-09-21T11:52:55.940933+00:00,78bc4800-b5b1-11f1-b114-205badb8c8b6,32,32,64,64,True,32
2026-09-21T11:52:56.975923+00:00,78bc4800-b5b1-11f1-b114-205badb8c8b6,32,32,64,64,True,32
2026-09-21T11:52:58.019839+00:00,78bc4800-b5b1-11f1-b114-205badb8c8b6,32,32,64,64,True,32
2026-09-21T11:52:59.078466+00:00,78bc4800-b5b1-11f1-b114-205badb8c8b6,32,32,64,64,True,32
2026-09-21T11:53:00.106012+00:00,78bc4800-b5b1-11f1-b114-205badb8c8b6,32,32,64,64,True,32
2026-09-21T11:53:01.373931+00:00,78bc4800-b5b1-11f1-b114-205badb8c8b6,32,32,64,64,True,32
2026-09-21T11:53:02.411558+00:00,78bc4800-b5b1-11f1-b114-205badb8c8b6,32,32,64,64,True,32
2026-09-21T11:53:03.436811+00:00,78bc4800-b5b1-11f1-b114-205badb8c8b6,32,32,64,64,True,32
2026-09-21T11:53:04.478446+00:00,78bc4800-b5b1-11f1-b114-205badb8c8b6,32,32,64,64,True,32
2026-09-21T11:53:05.547058+00:00,78bc4800-b5b1-11f1-b114-205badb8c8b6,32,32,64,64,True,32
2026-09-21T11:53:06.590212+00:00,78bc4800-b5b1-11f1-b114-205badb8c8b6,32,32,64,64,True,32
2026-09-21T11:53:07.649541+00:00,78bc4800-b5b1-11f1-b114-205badb8c8b6,32,32,64,64,True,32
2026-09-21T11:53:08.704050+00:00,78bc4800-b5b1-11f1-b114-205badb8c8b6,32,32,64,64,True,32
2026-09-21T11:53:09.784150+00:00,78bc4800-b5b1-11f1-b114-205badb8c8b6,32,32,64,64,True,32
2026-09-21T11:53:10.823171+00:00,78bc4800-b5b1-11f1-b114-205badb8c8b6,32,32,64,64,True,32
2026-09-21T11:53:11.878101+00:00,78bc4800-b5b1-11f1-b114-205badb8c8b6,32,32,64,64,True,32
2026-09-21T11:53:12.939902+00:00,78bc4800-b5b1-11f1-b114-205badb8c8b6,32,32,64,64,True,32
2026-09-21T11:53:14.055859+00:00,78bc4800-b5b1-11f1-b114-205badb8c8b6,32,32,64,64,True,32
2026-09-21T11:53:15.115186+00:00,78bc4800-b5b1-11f1-b114-205badb8c8b6,32,32,64,64,True,32
2026-09-21T11:53:16.156315+00:00,78bc4800-b5b1-11f1-b114-205badb8c8b6,32,32,64,64,True,32
2026-09-21T11:53:17.216514+00:00,78bc4800-b5b1-11f1-b114-205badb8c8b6,32,32,64,64,True,32
2026-09-21T11:53:18.245576+00:00,78bc4800-b5b1-11f1-b114-205badb8c8b6,32,32,64,64,True,32
2026-09-21T11:53:19.568510+00:00,78bc4800-b5b1-11f1-b114-205badb8c8b6,32,32,64,64,True,32
2026-09-21T11:53:20.636417+00:00,78bc4800-b5b1-11f1-b114-205badb8c8b6,32,32,64,64,True,32
2026-09-21T11:53:21.668761+00:00,78bc4800-b5b1-11f1-b114-205badb8c8b6,32,32,64,64,True,32
2026-09-21T11:53:22.730985+00:00,78bc4800-b5b1-11f1-b114-205badb8c8b6,32,32,64,64,True,32
2026-09-21T11:53:23.755375+00:00,78bc4800-b5b1-11f1-b114-205badb8c8b6,32,32,64,64,True,32
2026-09-21T11:53:24.792898+00:00,78bc4800-b5b1-11f1-b114-205badb8c8b6,32,32,64,64,True,32
2026-09-21T11:53:25.814716+00:00,78bc4800-b5b1-11f1-b114-205badb8c8b6,32,32,64,64,True,32
2026-09-21T11:53:26.870884+00:00,78bc4800-b5b1-11f1-b114-205badb8c8b6,32,32,64,64,True,32
2026-09-21T11:53:27.900061+00:00,78bc4800-b5b1-11f1-b114-205badb8c8b6,32,32,64,64,True,32
2026-09-21T11:53:28.923102+00:00,78bc4800-b5b1-11f1-b114-205badb8c8b6,32,32,64,64,True,32
2026-09-21T11:53:29.959846+00:00,78bc4800-b5b1-11f1-b114-205badb8c8b6,32,32,64,64,True,32
2026-09-21T11:53:31.000430+00:00,78bc4800-b5b1-11f1-b114-205badb8c8b6,32,32,64,64,True,32
2026-09-21T11:53:32.049793+00:00,78bc4800-b5b1-11f1-b114-205badb8c8b6,32,32,64,64,True,32
2026-09-21T11:53:33.115739+00:00,78bc4800-b5b1-11f1-b114-205badb8c8b6,32,32,64,64,True,32
2026-09-21T11:53:34.165489+00:00,78bc4800-b5b1-11f1-b114-205badb8c8b6,32,32,64,64,True,32
2026-09-21T11:53:35.218536+00:00,78bc4800-b5b1-11f1-b114-205badb8c8b6,32,32,64,64,True,32
2026-09-21T11:53:36.256622+00:00,78bc4800-b5b1-11f1-b114-205badb8c8b6,32,32,64,64,True,32
2026-09-21T11:53:37.326853+00:00,78bc4800-b5b1-11f1-b114-205badb8c8b6,32,32,64,64,True,32
2026-09-21T11:53:38.366663+00:00,78bc4800-b5b1-11f1-b114-205badb8c8b6,32,32,64,64,True,32
2026-09-21T11:53:39.432614+00:00,78bc4800-b5b1-11f1-b114-205badb8c8b6,32,32,64,64,True,32
2026-09-21T11:53:40.470883+00:00,78bc4800-b5b1-11f1-b114-205badb8c8b6,32,32,64,64,True,32
2026-09-21T11:53:41.524004+00:00,78bc4800-b5b1-11f1-b114-205badb8c8b6,32,32,64,64,True,32
2026-09-21T11:53:42.562558+00:00,78bc4800-b5b1-11f1-b114-205badb8c8b6,32,32,64,64,True,32
2026-09-21T11:53:43.588243+00:00,78bc4800-b5b1-11f1-b114-205badb8c8b6,32,32,64,64,True,32
2026-09-21T11:53:44.626227+00:00,78bc4800-b5b1-11f1-b114-205badb8c8b6,32,32,64,64,True,32
2026-09-21T11:53:45.680624+00:00,78bc4800-b5b1-11f1-b114-205badb8c8b6,32,32,64,64,True,32
2026-09-21T11:53:46.728242+00:00,78bc4800-b5b1-11f1-b114-205badb8c8b6,32,32,64,64,True,32
2026-09-21T11:53:47.767228+00:00,78bc4800-b5b1-11f1-b114-205badb8c8b6,32,32,64,64,True,32
2026-09-21T11:53:48.821161+00:00,78bc4800-b5b1-11f1-b114-205badb8c8b6,32,32,64,64,True,32
2026-09-21T11:53:49.850992+00:00,78bc4800-b5b1-11f1-b114-205badb8c8b6,32,32,64,64,True,32
2026-09-21T11:53:50.889932+00:00,78bc4800-b5b1-11f1-b114-205badb8c8b6,32,32,64,64,True,32
2026-09-21T11:53:51.946071+00:00,78bc4800-b5b1-11f1-b114-205badb8c8b6,32,32,64,64,True,32
2026-09-21T11:53:52.993676+00:00,78bc4800-b5b1-11f1-b114-205badb8c8b6,32,32,64,64,True,32
2026-09-21T11:53:54.042598+00:00,78bc4800-b5b1-11f1-b114-205badb8c8b6,32,32,64,64,True,32
2026-09-21T11:53:55.089292+00:00,78bc4800-b5b1-11f1-b114-205badb8c8b6,32,32,64,64,True,32
2026-09-21T11:53:56.157656+00:00,78bc4800-b5b1-11f1-b114-205badb8c8b6,32,32,64,64,True,32
2026-09-21T11:53:57.215682+00:00,78bc4800-b5b1-11f1-b114-205badb8c8b6,32,32,64,64,True,32
2026-09-21T11:53:58.269593+00:00,78bc4800-b5b1-11f1-b114-205badb8c8b6,32,32,64,64,True,32
2026-09-21T11:53:59.317764+00:00,78bc4800-b5b1-11f1-b114-205badb8c8b6,32,32,64,64,True,32
2026-09-21T11:54:00.458362+00:00,78bc4800-b5b1-11f1-b114-205badb8c8b6,32,32,64,64,True,32
2026-09-21T11:54:01.495526+00:00,78bc4800-b5b1-11f1-b114-205badb8c8b6,32,32,64,64,True,32
2026-09-21T11:54:02.531750+00:00,78bc4800-b5b1-11f1-b114-205badb8c8b6,32,32,64,64,True,32
2026-09-21T11:54:03.568008+00:00,78bc4800-b5b1-11f1-b114-205badb8c8b6,32,32,64,64,True,32
2026-09-21T11:54:04.606820+00:00,78bc4800-b5b1-11f1-b114-205badb8c8b6,32,32,64,64,True,32
2026-09-21T11:54:05.661634+00:00,78bc4800-b5b1-11f1-b114-205badb8c8b6,32,32,64,64,True,32
2026-09-21T11:54:06.699230+00:00,78bc4800-b5b1-11f1-b114-205badb8c8b6,32,32,64,64,True,32
2026-09-21T11:54:07.743283+00:00,78bc4800-b5b1-11f1-b114-205badb8c8b6,32,32,64,64,True,32
2026-09-21T11:54:08.800880+00:00,78bc4800-b5b1-11f1-b114-205badb8c8b6,32,32,64,64,True,32
2026-09-21T11:54:09.835064+00:00,78bc4800-b5b1-11f1-b114-205badb8c8b6,32,32,64,64,True,32
2026-09-21T11:54:10.896968+00:00,78bc4800-b5b1-11f1-b114-205badb8c8b6,32,32,64,64,True,32
2026-09-21T11:54:11.937842+00:00,78bc4800-b5b1-11f1-b114-205badb8c8b6,32,32,64,64,True,32
2026-09-21T11:54:13.006975+00:00,78bc4800-b5b1-11f1-b114-205badb8c8b6,32,32,64,64,True,32
2026-09-21T11:54:14.061032+00:00,78bc4800-b5b1-11f1-b114-205badb8c8b6,32,32,64,64,True,32
2026-09-21T11:54:15.117561+00:00,78bc4800-b5b1-11f1-b114-205badb8c8b6,32,32,64,64,True,32
2026-09-21T11:54:16.193860+00:00,78bc4800-b5b1-11f1-b114-205badb8c8b6,32,32,64,64,True,32
2026-09-21T11:54:17.223497+00:00,78bc4800-b5b1-11f1-b114-205badb8c8b6,32,32,64,64,True,32
2026-09-21T11:54:18.266408+00:00,78bc4800-b5b1-11f1-b114-205badb8c8b6,32,32,64,64,True,32
2026-09-21T11:54:19.305176+00:00,78bc4800-b5b1-11f1-b114-205badb8c8b6,32,32,64,64,True,32
2026-09-21T11:54:20.337981+00:00,78bc4800-b5b1-11f1-b114-205badb8c8b6,32,32,64,64,True,32
2026-09-21T11:54:21.378187+00:00,78bc4800-b5b1-11f1-b114-205badb8c8b6,32,32,64,64,True,32
2026-09-21T11:54:22.417336+00:00,78bc4800-b5b1-11f1-b114-205badb8c8b6,32,32,64,64,True,32
2026-09-21T11:54:23.461944+00:00,78bc4800-b5b1-11f1-b114-205badb8c8b6,32,32,64,64,True,32
2026-09-21T11:54:24.503705+00:00,78bc4800-b5b1-11f1-b114-205badb8c8b6,32,32,64,64,True,32
2026-09-21T11:54:25.541314+00:00,78bc4800-b5b1-11f1-b114-205badb8c8b6,32,32,64,64,True,32
2026-09-21T11:54:26.606301+00:00,78bc4800-b5b1-11f1-b114-205badb8c8b6,32,32,64,64,True,32
2026-09-21T11:54:27.652471+00:00,78bc4800-b5b1-11f1-b114-205badb8c8b6,32,32,64,64,True,32
2026-09-21T11:54:28.869414+00:00,78bc4800-b5b1-11f1-b114-205badb8c8b6,32,32,64,64,True,32
2026-09-21T11:54:29.925479+00:00,78bc4800-b5b1-11f1-b114-205badb8c8b6,32,32,64,64,True,32
2026-09-21T11:54:30.965361+00:00,78bc4800-b5b1-11f1-b114-205badb8c8b6,32,32,64,64,True,32
2026-09-21T11:54:32.018689+00:00,78bc4800-b5b1-11f1-b114-205badb8c8b6,32,32,64,64,True,32
2026-09-21T11:54:33.067435+00:00,78bc4800-b5b1-11f1-b114-205badb8c8b6,32,32,64,64,True,32
2026-09-21T11:54:34.099783+00:00,78bc4800-b5b1-11f1-b114-205badb8c8b6,32,32,64,64,True,32
2026-09-21T11:54:35.153422+00:00,78bc4800-b5b1-11f1-b114-205badb8c8b6,32,32,64,64,True,32
2026-09-21T11:54:36.189803+00:00,78bc4800-b5b1-11f1-b114-205badb8c8b6,32,32,64,64,True,32
2026-09-21T11:54:37.226994+00:00,78bc4800-b5b1-11f1-b114-205badb8c8b6,32,32,64,64,True,32
2026-09-21T11:54:38.280331+00:00,78bc4800-b5b1-11f1-b114-205badb8c8b6,32,32,64,64,True,32
2026-09-21T11:54:39.320749+00:00,78bc4800-b5b1-11f1-b114-205badb8c8b6,32,32,64,64,True,32
2026-09-21T11:54:40.389717+00:00,78bc4800-b5b1-11f1-b114-205badb8c8b6,32,32,64,64,True,32
2026-09-21T11:54:41.427017+00:00,78bc4800-b5b1-11f1-b114-205badb8c8b6,32,32,64,64,True,32
2026-09-21T11:54:42.470194+00:00,78bc4800-b5b1-11f1-b114-205badb8c8b6,32,32,64,64,True,32
2026-09-21T11:54:43.535398+00:00,78bc4800-b5b1-11f1-b114-205badb8c8b6,32,32,64,64,True,32
2026-09-21T11:54:44.583576+00:00,78bc4800-b5b1-11f1-b114-205badb8c8b6,32,32,64,64,True,32
2026-09-21T11:54:45.635426+00:00,78bc4800-b5b1-11f1-b114-205badb8c8b6,32,32,64,64,True,32
2026-09-21T11:54:46.721223+00:00,78bc4800-b5b1-11f1-b114-205badb8c8b6,32,32,64,64,True,32
2026-09-21T11:54:47.776633+00:00,78bc4800-b5b1-11f1-b114-205badb8c8b6,32,32,64,64,True,32
2026-09-21T11:54:48.820316+00:00,78bc4800-b5b1-11f1-b114-205badb8c8b6,32,32,64,64,True,32
2026-09-21T11:54:49.885596+00:00,78bc4800-b5b1-11f1-b114-205badb8c8b6,32,32,64,64,True,32
2026-09-21T11:54:50.931627+00:00,78bc4800-b5b1-11f1-b114-205badb8c8b6,32,32,64,64,True,32
2026-09-21T11:54:51.996572+00:00,78bc4800-b5b1-11f1-b114-205badb8c8b6,32,32,64,64,True,32
2026-09-21T11:54:53.034436+00:00,78bc4800-b5b1-11f1-b114-205badb8c8b6,32,32,64,64,True,32
2026-09-21T11:54:54.078358+00:00,78bc4800-b5b1-11f1-b114-205badb8c8b6,32,32,64,64,True,32
2026-09-21T11:54:55.132983+00:00,78bc4800-b5b1-11f1-b114-205badb8c8b6,32,32,64,64,True,32
2026-09-21T11:54:56.185498+00:00,78bc4800-b5b1-11f1-b114-205badb8c8b6,32,32,64,64,True,32
2026-09-21T11:54:57.232767+00:00,78bc4800-b5b1-11f1-b114-205badb8c8b6,32,32,64,64,True,32
2026-09-21T11:54:58.277525+00:00,78bc4800-b5b1-11f1-b114-205badb8c8b6,32,32,64,64,True,32
2026-09-21T11:54:59.297234+00:00,78bc4800-b5b1-11f1-b114-205badb8c8b6,32,32,64,64,True,32
2026-09-21T11:55:00.325204+00:00,78bc4800-b5b1-11f1-b114-205badb8c8b6,32,32,64,64,True,32
2026-09-21T11:55:01.356266+00:00,78bc4800-b5b1-11f1-b114-205badb8c8b6,32,32,64,64,True,32
2026-09-21T11:55:02.401379+00:00,78bc4800-b5b1-11f1-b114-205badb8c8b6,32,32,64,64,True,32
2026-09-21T11:55:03.455975+00:00,78bc4800-b5b1-11f1-b114-205badb8c8b6,32,32,64,64,True,32
2026-09-21T11:55:04.488733+00:00,78bc4800-b5b1-11f1-b114-205badb8c8b6,32,32,64,64,True,32
2026-09-21T11:55:05.525550+00:00,78bc4800-b5b1-11f1-b114-205badb8c8b6,32,32,64,64,True,32
2026-09-21T11:55:06.572039+00:00,78bc4800-b5b1-11f1-b114-205badb8c8b6,32,32,64,64,True,32
2026-09-21T11:55:07.626127+00:00,78bc4800-b5b1-11f1-b114-205badb8c8b6,32,32,64,64,True,32
2026-09-21T11:55:08.678118+00:00,78bc4800-b5b1-11f1-b114-205badb8c8b6,32,32,64,64,True,32
2026-09-21T11:55:09.756183+00:00,78bc4800-b5b1-11f1-b114-205badb8c8b6,32,32,64,64,True,32
2026-09-21T11:55:10.804008+00:00,78bc4800-b5b1-11f1-b114-205badb8c8b6,32,32,64,64,True,32
2026-09-21T11:55:11.855101+00:00,78bc4800-b5b1-11f1-b114-205badb8c8b6,32,32,64,64,True,32
2026-09-21T11:55:12.929486+00:00,78bc4800-b5b1-11f1-b114-205badb8c8b6,32,32,64,64,True,32
2026-09-21T11:55:13.977331+00:00,78bc4800-b5b1-11f1-b114-205badb8c8b6,32,32,64,64,True,32
2026-09-21T11:55:15.007361+00:00,78bc4800-b5b1-11f1-b114-205badb8c8b6,32,32,64,64,True,32
2026-09-21T11:55:16.048352+00:00,78bc4800-b5b1-11f1-b114-205badb8c8b6,32,32,64,64,True,32
2026-09-21T11:55:17.093129+00:00,78bc4800-b5b1-11f1-b114-205badb8c8b6,32,32,64,64,True,32
2026-09-21T11:55:18.122107+00:00,78bc4800-b5b1-11f1-b114-205badb8c8b6,32,32,64,64,True,32
2026-09-21T11:55:19.158589+00:00,78bc4800-b5b1-11f1-b114-205badb8c8b6,32,32,64,64,True,32
2026-09-21T11:55:20.200777+00:00,78bc4800-b5b1-11f1-b114-205badb8c8b6,32,32,64,64,True,32
2026-09-21T11:55:21.246144+00:00,78bc4800-b5b1-11f1-b114-205badb8c8b6,32,32,64,64,True,32
2026-09-21T11:55:22.287307+00:00,78bc4800-b5b1-11f1-b114-205badb8c8b6,32,32,64,64,True,32
2026-09-21T11:55:23.324402+00:00,78bc4800-b5b1-11f1-b114-205badb8c8b6,32,32,64,64,True,32
2026-09-21T11:55:24.382627+00:00,78bc4800-b5b1-11f1-b114-205badb8c8b6,32,32,64,64,True,32
2026-09-21T11:55:25.408606+00:00,78bc4800-b5b1-11f1-b114-205badb8c8b6,32,32,64,64,True,32
2026-09-21T11:55:26.443473+00:00,78bc4800-b5b1-11f1-b114-205badb8c8b6,32,32,64,64,True,32
2026-09-21T11:55:27.543851+00:00,78bc4800-b5b1-11f1-b114-205badb8c8b6,32,32,64,64,True,32
2026-09-21T11:55:28.603677+00:00,78bc4800-b5b1-11f1-b114-205badb8c8b6,32,32,64,64,True,32
2026-09-21T11:55:29.685200+00:00,78bc4800-b5b1-11f1-b114-205badb8c8b6,32,32,64,64,True,32
2026-09-21T11:55:30.762782+00:00,78bc4800-b5b1-11f1-b114-205badb8c8b6,32,32,64,64,True,32
2026-09-21T11:55:31.812407+00:00,78bc4800-b5b1-11f1-b114-205badb8c8b6,32,32,64,64,True,32
2026-09-21T11:55:32.859338+00:00,78bc4800-b5b1-11f1-b114-205badb8c8b6,32,32,64,64,True,32
2026-09-21T11:55:33.912348+00:00,78bc4800-b5b1-11f1-b114-205badb8c8b6,32,32,64,64,True,32
2026-09-21T11:55:34.968515+00:00,78bc4800-b5b1-11f1-b114-205badb8c8b6,32,32,64,64,True,32
2026-09-21T11:55:36.036316+00:00,78bc4800-b5b1-11f1-b114-205badb8c8b6,32,32,64,64,True,32
2026-09-21T11:55:37.087982+00:00,78bc4800-b5b1-11f1-b114-205badb8c8b6,32,32,64,64,True,32
2026-09-21T11:55:38.136496+00:00,78bc4800-b5b1-11f1-b114-205badb8c8b6,32,32,64,64,True,32
2026-09-21T11:55:39.186815+00:00,78bc4800-b5b1-11f1-b114-205badb8c8b6,32,32,64,64,True,32
2026-09-21T11:55:40.248415+00:00,78bc4800-b5b1-11f1-b114-205badb8c8b6,32,32,64,64,True,32
2026-09-21T11:55:41.293686+00:00,78bc4800-b5b1-11f1-b114-205badb8c8b6,32,32,64,64,True,32
2026-09-21T11:55:42.315137+00:00,78bc4800-b5b1-11f1-b114-205badb8c8b6,32,32,64,64,True,32
2026-09-21T11:55:43.339024+00:00,78bc4800-b5b1-11f1-b114-205badb8c8b6,32,32,64,64,True,32
2026-09-21T11:55:44.371560+00:00,78bc4800-b5b1-11f1-b114-205badb8c8b6,32,32,64,64,True,32
2026-09-21T11:55:45.426402+00:00,78bc4800-b5b1-11f1-b114-205badb8c8b6,32,32,64,64,True,32
2026-09-21T11:55:46.468578+00:00,78bc4800-b5b1-11f1-b114-205badb8c8b6,32,32,64,64,True,32
2026-09-21T11:55:47.527557+00:00,78bc4800-b5b1-11f1-b114-205badb8c8b6,32,32,64,64,True,32
2026-09-21T11:55:48.571934+00:00,78bc4800-b5b1-11f1-b114-205badb8c8b6,32,32,64,64,True,32
2026-09-21T11:55:49.643546+00:00,78bc4800-b5b1-11f1-b114-205badb8c8b6,32,32,64,64,True,32
2026-09-21T11:55:50.679869+00:00,78bc4800-b5b1-11f1-b114-205badb8c8b6,32,32,64,64,True,32
2026-09-21T11:55:51.730942+00:00,78bc4800-b5b1-11f1-b114-205badb8c8b6,32,32,64,64,True,32
2026-09-21T11:55:52.768277+00:00,78bc4800-b5b1-11f1-b114-205badb8c8b6,32,32,64,64,True,32
2026-09-21T11:55:53.823318+00:00,78bc4800-b5b1-11f1-b114-205badb8c8b6,32,32,64,64,True,32
2026-09-21T11:55:54.891379+00:00,78bc4800-b5b1-11f1-b114-205badb8c8b6,32,32,64,64,True,32
2026-09-21T11:55:55.924800+00:00,78bc4800-b5b1-11f1-b114-205badb8c8b6,32,32,64,64,True,32
2026-09-21T11:55:56.957271+00:00,78bc4800-b5b1-11f1-b114-205badb8c8b6,32,32,64,64,True,32
2026-09-21T11:55:57.992658+00:00,78bc4800-b5b1-11f1-b114-205badb8c8b6,32,32,64,64,True,32
2026-09-21T11:55:59.042401+00:00,78bc4800-b5b1-11f1-b114-205badb8c8b6,32,32,64,64,True,32
2026-09-21T11:56:00.068901+00:00,78bc4800-b5b1-11f1-b114-205badb8c8b6,32,32,64,64,True,32
2026-09-21T11:56:01.099749+00:00,78bc4800-b5b1-11f1-b114-205badb8c8b6,32,32,64,64,True,32
2026-09-21T11:56:02.129190+00:00,78bc4800-b5b1-11f1-b114-205badb8c8b6,32,32,64,64,True,32
2026-09-21T11:56:03.173832+00:00,78bc4800-b5b1-11f1-b114-205badb8c8b6,32,32,64,64,True,32
2026-09-21T11:56:04.203251+00:00,78bc4800-b5b1-11f1-b114-205badb8c8b6,32,32,64,64,True,32
2026-09-21T11:56:05.231266+00:00,78bc4800-b5b1-11f1-b114-205badb8c8b6,32,32,64,64,True,32
2026-09-21T11:56:06.274178+00:00,78bc4800-b5b1-11f1-b114-205badb8c8b6,32,32,64,64,True,32
2026-09-21T11:56:07.306654+00:00,78bc4800-b5b1-11f1-b114-205badb8c8b6,32,32,64,64,True,32
2026-09-21T11:56:08.337391+00:00,78bc4800-b5b1-11f1-b114-205badb8c8b6,32,32,64,64,True,32
2026-09-21T11:56:09.367103+00:00,78bc4800-b5b1-11f1-b114-205badb8c8b6,32,32,64,64,True,32
2026-09-21T11:56:10.403619+00:00,78bc4800-b5b1-11f1-b114-205badb8c8b6,32,32,64,64,True,32
2026-09-21T11:56:11.435645+00:00,78bc4800-b5b1-11f1-b114-205badb8c8b6,32,32,64,64,True,32
2026-09-21T11:56:12.534284+00:00,78bc4800-b5b1-11f1-b114-205badb8c8b6,32,32,64,64,True,32
2026-09-21T11:56:13.577908+00:00,78bc4800-b5b1-11f1-b114-205badb8c8b6,32,32,64,64,True,32
2026-09-21T11:56:14.614367+00:00,78bc4800-b5b1-11f1-b114-205badb8c8b6,32,32,64,64,True,32
2026-09-21T11:56:15.644405+00:00,78bc4800-b5b1-11f1-b114-205badb8c8b6,32,32,64,64,True,32
2026-09-21T11:56:16.732580+00:00,78bc4800-b5b1-11f1-b114-205badb8c8b6,32,32,64,64,True,32
2026-09-21T11:56:17.766268+00:00,78bc4800-b5b1-11f1-b114-205badb8c8b6,32,32,64,64,True,32
2026-09-21T11:56:18.833745+00:00,78bc4800-b5b1-11f1-b114-205badb8c8b6,32,32,64,64,True,32
2026-09-21T11:56:19.916275+00:00,78bc4800-b5b1-11f1-b114-205badb8c8b6,32,32,64,64,True,32
2026-09-21T11:56:20.957791+00:00,78bc4800-b5b1-11f1-b114-205badb8c8b6,32,32,64,64,True,32
2026-09-21T11:56:21.997307+00:00,78bc4800-b5b1-11f1-b114-205badb8c8b6,32,32,64,64,True,32
2026-09-21T11:56:23.034302+00:00,78bc4800-b5b1-11f1-b114-205badb8c8b6,32,32,64,64,True,32
2026-09-21T11:56:24.078185+00:00,78bc4800-b5b1-11f1-b114-205badb8c8b6,32,32,64,64,True,32
2026-09-21T11:56:25.112798+00:00,78bc4800-b5b1-11f1-b114-205badb8c8b6,32,32,64,64,True,32
2026-09-21T11:56:26.156447+00:00,78bc4800-b5b1-11f1-b114-205badb8c8b6,32,32,64,64,True,32
2026-09-21T11:56:27.187843+00:00,78bc4800-b5b1-11f1-b114-205badb8c8b6,32,32,64,64,True,32
2026-09-21T11:56:28.215944+00:00,78bc4800-b5b1-11f1-b114-205badb8c8b6,32,32,64,64,True,32
2026-09-21T11:56:29.247217+00:00,78bc4800-b5b1-11f1-b114-205badb8c8b6,32,32,64,64,True,32
2026-09-21T11:56:30.306156+00:00,78bc4800-b5b1-11f1-b114-205badb8c8b6,32,32,64,64,True,32
2026-09-21T11:56:31.334280+00:00,78bc4800-b5b1-11f1-b114-205badb8c8b6,32,32,64,64,True,32
2026-09-21T11:56:32.382476+00:00,78bc4800-b5b1-11f1-b114-205badb8c8b6,32,32,64,64,True,32
2026-09-21T11:56:33.424310+00:00,78bc4800-b5b1-11f1-b114-205badb8c8b6,32,32,64,64,True,32
2026-09-21T11:56:34.454061+00:00,78bc4800-b5b1-11f1-b114-205badb8c8b6,32,32,64,64,True,32
2026-09-21T11:56:35.494399+00:00,78bc4800-b5b1-11f1-b114-205badb8c8b6,32,32,64,64,True,32
2026-09-21T11:56:36.536760+00:00,78bc4800-b5b1-11f1-b114-205badb8c8b6,32,32,64,64,True,32
2026-09-21T11:56:37.572471+00:00,78bc4800-b5b1-11f1-b114-205badb8c8b6,32,32,64,64,True,32
2026-09-21T11:56:38.612586+00:00,78bc4800-b5b1-11f1-b114-205badb8c8b6,32,32,64,64,True,32
2026-09-21T11:56:39.663232+00:00,78bc4800-b5b1-11f1-b114-205badb8c8b6,32,32,64,64,True,32
2026-09-21T11:56:40.713708+00:00,78bc4800-b5b1-11f1-b114-205badb8c8b6,32,32,64,64,True,32
2026-09-21T11:56:41.768621+00:00,78bc4800-b5b1-11f1-b114-205badb8c8b6,32,32,64,64,True,32
2026-09-21T11:56:42.823922+00:00,78bc4800-b5b1-11f1-b114-205badb8c8b6,32,32,64,64,True,32
2026-09-21T11:56:43.854009+00:00,78bc4800-b5b1-11f1-b114-205badb8c8b6,32,32,64,64,True,32
2026-09-21T11:56:44.886833+00:00,78bc4800-b5b1-11f1-b114-205badb8c8b6,32,32,64,64,True,32
2026-09-21T11:56:45.922316+00:00,78bc4800-b5b1-11f1-b114-205badb8c8b6,32,32,64,64,True,32
2026-09-21T11:56:46.956294+00:00,78bc4800-b5b1-11f1-b114-205badb8c8b6,32,32,64,64,True,32
2026-09-21T11:56:47.979777+00:00,78bc4800-b5b1-11f1-b114-205badb8c8b6,32,32,64,64,True,32
2026-09-21T11:56:49.012810+00:00,78bc4800-b5b1-11f1-b114-205badb8c8b6,32,32,64,64,True,32
2026-09-21T11:56:50.072646+00:00,78bc4800-b5b1-11f1-b114-205badb8c8b6,32,32,64,64,True,32
2026-09-21T11:56:51.095309+00:00,78bc4800-b5b1-11f1-b114-205badb8c8b6,32,32,64,64,True,32
2026-09-21T11:56:52.143785+00:00,78bc4800-b5b1-11f1-b114-205badb8c8b6,32,32,64,64,True,32
2026-09-21T11:56:53.177740+00:00,78bc4800-b5b1-11f1-b114-205badb8c8b6,32,32,64,64,True,32
2026-09-21T11:56:54.223883+00:00,78bc4800-b5b1-11f1-b114-205badb8c8b6,32,32,64,64,True,32
2026-09-21T11:56:55.244513+00:00,78bc4800-b5b1-11f1-b114-205badb8c8b6,32,32,64,64,True,32
2026-09-21T11:56:56.279208+00:00,78bc4800-b5b1-11f1-b114-205badb8c8b6,32,32,64,64,True,32
2026-09-21T11:56:57.327016+00:00,78bc4800-b5b1-11f1-b114-205badb8c8b6,32,32,64,64,True,32
2026-09-21T11:56:58.363109+00:00,78bc4800-b5b1-11f1-b114-205badb8c8b6,32,32,64,64,True,32
2026-09-21T11:56:59.398653+00:00,78bc4800-b5b1-11f1-b114-205badb8c8b6,32,32,64,64,True,32
2026-09-21T11:57:00.478589+00:00,78bc4800-b5b1-11f1-b114-205badb8c8b6,32,32,64,64,True,32
2026-09-21T11:57:01.519645+00:00,78bc4800-b5b1-11f1-b114-205badb8c8b6,32,32,64,64,True,32
2026-09-21T11:57:02.557806+00:00,78bc4800-b5b1-11f1-b114-205badb8c8b6,32,32,64,64,True,32
2026-09-21T11:57:03.601415+00:00,78bc4800-b5b1-11f1-b114-205badb8c8b6,32,32,64,64,True,32
2026-09-21T11:57:04.621083+00:00,78bc4800-b5b1-11f1-b114-205badb8c8b6,32,32,64,64,True,32
2026-09-21T11:57:05.653810+00:00,78bc4800-b5b1-11f1-b114-205badb8c8b6,32,32,64,64,True,32
2026-09-21T11:57:06.692359+00:00,78bc4800-b5b1-11f1-b114-205badb8c8b6,32,32,64,64,True,32
2026-09-21T11:57:07.739312+00:00,78bc4800-b5b1-11f1-b114-205badb8c8b6,32,32,64,64,True,32
2026-09-21T11:57:08.775668+00:00,78bc4800-b5b1-11f1-b114-205badb8c8b6,32,32,64,64,True,32
2026-09-21T11:57:09.812981+00:00,78bc4800-b5b1-11f1-b114-205badb8c8b6,32,32,64,64,True,32
2026-09-21T11:57:10.894944+00:00,78bc4800-b5b1-11f1-b114-205badb8c8b6,32,32,64,64,True,32
2026-09-21T11:57:11.936917+00:00,78bc4800-b5b1-11f1-b114-205badb8c8b6,32,32,64,64,True,32
2026-09-21T11:57:12.998367+00:00,78bc4800-b5b1-11f1-b114-205badb8c8b6,32,32,64,64,True,32
2026-09-21T11:57:14.054711+00:00,78bc4800-b5b1-11f1-b114-205badb8c8b6,32,32,64,64,True,32
2026-09-21T11:57:15.118611+00:00,78bc4800-b5b1-11f1-b114-205badb8c8b6,32,32,64,64,True,32
2026-09-21T11:57:16.155067+00:00,78bc4800-b5b1-11f1-b114-205badb8c8b6,32,32,64,64,True,32
2026-09-21T11:57:17.184738+00:00,78bc4800-b5b1-11f1-b114-205badb8c8b6,32,32,64,64,True,32
2026-09-21T11:57:18.239010+00:00,78bc4800-b5b1-11f1-b114-205badb8c8b6,32,32,64,64,True,32
2026-09-21T11:57:19.268595+00:00,78bc4800-b5b1-11f1-b114-205badb8c8b6,32,32,64,64,True,32
2026-09-21T11:57:20.327265+00:00,78bc4800-b5b1-11f1-b114-205badb8c8b6,32,32,64,64,True,32
2026-09-21T11:57:21.378937+00:00,78bc4800-b5b1-11f1-b114-205badb8c8b6,32,32,64,64,True,32
2026-09-21T11:57:22.413825+00:00,78bc4800-b5b1-11f1-b114-205badb8c8b6,32,32,64,64,True,32
2026-09-21T11:57:23.464404+00:00,78bc4800-b5b1-11f1-b114-205badb8c8b6,32,32,64,64,True,32
2026-09-21T11:57:24.501368+00:00,78bc4800-b5b1-11f1-b114-205badb8c8b6,32,32,64,64,True,32
2026-09-21T11:57:25.516983+00:00,78bc4800-b5b1-11f1-b114-205badb8c8b6,32,32,64,64,True,32
2026-09-21T11:57:26.541902+00:00,78bc4800-b5b1-11f1-b114-205badb8c8b6,32,32,64,64,True,32
2026-09-21T11:57:27.571682+00:00,78bc4800-b5b1-11f1-b114-205badb8c8b6,32,32,64,64,True,32
2026-09-21T11:57:28.605847+00:00,78bc4800-b5b1-11f1-b114-205badb8c8b6,32,32,64,64,True,32
2026-09-21T11:57:29.666793+00:00,78bc4800-b5b1-11f1-b114-205badb8c8b6,32,32,64,64,True,32
2026-09-21T11:57:30.733477+00:00,78bc4800-b5b1-11f1-b114-205badb8c8b6,32,32,64,64,True,32
2026-09-21T11:57:31.764305+00:00,78bc4800-b5b1-11f1-b114-205badb8c8b6,32,32,64,64,True,32
2026-09-21T11:57:32.805362+00:00,78bc4800-b5b1-11f1-b114-205badb8c8b6,32,32,64,64,True,32
2026-09-21T11:57:33.854221+00:00,78bc4800-b5b1-11f1-b114-205badb8c8b6,32,32,64,64,True,32
2026-09-21T11:57:34.919593+00:00,78bc4800-b5b1-11f1-b114-205badb8c8b6,32,32,64,64,True,32
2026-09-21T11:57:35.946885+00:00,78bc4800-b5b1-11f1-b114-205badb8c8b6,32,32,64,64,True,32
2026-09-21T11:57:36.993667+00:00,78bc4800-b5b1-11f1-b114-205badb8c8b6,32,32,64,64,True,32
2026-09-21T11:57:38.032107+00:00,78bc4800-b5b1-11f1-b114-205badb8c8b6,32,32,64,64,True,32
2026-09-21T11:57:39.075940+00:00,78bc4800-b5b1-11f1-b114-205badb8c8b6,32,32,64,64,True,32
2026-09-21T11:57:40.151433+00:00,78bc4800-b5b1-11f1-b114-205badb8c8b6,32,32,64,64,True,32
2026-09-21T11:57:41.194127+00:00,78bc4800-b5b1-11f1-b114-205badb8c8b6,32,32,64,64,True,32
2026-09-21T11:57:42.236267+00:00,78bc4800-b5b1-11f1-b114-205badb8c8b6,32,32,64,64,True,32
2026-09-21T11:57:43.275261+00:00,78bc4800-b5b1-11f1-b114-205badb8c8b6,32,32,64,64,True,32
2026-09-21T11:57:44.302928+00:00,78bc4800-b5b1-11f1-b114-205badb8c8b6,32,32,64,64,True,32
2026-09-21T11:57:45.335005+00:00,78bc4800-b5b1-11f1-b114-205badb8c8b6,32,32,64,64,True,32
2026-09-21T11:57:46.416370+00:00,78bc4800-b5b1-11f1-b114-205badb8c8b6,32,32,64,64,True,32
2026-09-21T11:57:47.463896+00:00,78bc4800-b5b1-11f1-b114-205badb8c8b6,32,32,64,64,True,32
2026-09-21T11:57:48.510625+00:00,78bc4800-b5b1-11f1-b114-205badb8c8b6,32,32,64,64,True,32
2026-09-21T11:57:49.535320+00:00,78bc4800-b5b1-11f1-b114-205badb8c8b6,32,32,64,64,True,32
2026-09-21T11:57:50.587387+00:00,78bc4800-b5b1-11f1-b114-205badb8c8b6,32,32,64,64,True,32
2026-09-21T11:57:51.625817+00:00,78bc4800-b5b1-11f1-b114-205badb8c8b6,32,32,64,64,True,32
2026-09-21T11:57:52.660566+00:00,78bc4800-b5b1-11f1-b114-205badb8c8b6,32,32,64,64,True,32
2026-09-21T11:57:53.699275+00:00,78bc4800-b5b1-11f1-b114-205badb8c8b6,32,32,64,64,True,32
2026-09-21T11:57:54.744809+00:00,78bc4800-b5b1-11f1-b114-205badb8c8b6,32,32,64,64,True,32
2026-09-21T11:57:55.797249+00:00,78bc4800-b5b1-11f1-b114-205badb8c8b6,32,32,64,64,True,32
2026-09-21T11:57:56.840979+00:00,78bc4800-b5b1-11f1-b114-205badb8c8b6,32,32,64,64,True,32
2026-09-21T11:57:57.889880+00:00,78bc4800-b5b1-11f1-b114-205badb8c8b6,32,32,64,64,True,32
2026-09-21T11:57:58.928791+00:00,78bc4800-b5b1-11f1-b114-205badb8c8b6,32,32,64,64,True,32
2026-09-21T11:57:59.962732+00:00,78bc4800-b5b1-11f1-b114-205badb8c8b6,32,32,64,64,True,32
2026-09-21T11:58:00.999958+00:00,78bc4800-b5b1-11f1-b114-205badb8c8b6,32,32,64,64,True,32
2026-09-21T11:58:02.034790+00:00,78bc4800-b5b1-11f1-b114-205badb8c8b6,32,32,64,64,True,32
2026-09-21T11:58:03.054056+00:00,78bc4800-b5b1-11f1-b114-205badb8c8b6,32,32,64,64,True,32
2026-09-21T11:58:04.093196+00:00,78bc4800-b5b1-11f1-b114-205badb8c8b6,32,32,64,64,True,32
2026-09-21T11:58:05.120481+00:00,78bc4800-b5b1-11f1-b114-205badb8c8b6,32,32,64,64,True,32
2026-09-21T11:58:06.150118+00:00,78bc4800-b5b1-11f1-b114-205badb8c8b6,32,32,64,64,True,32
2026-09-21T11:58:07.208356+00:00,78bc4800-b5b1-11f1-b114-205badb8c8b6,32,32,64,64,True,32
2026-09-21T11:58:08.283857+00:00,78bc4800-b5b1-11f1-b114-205badb8c8b6,32,32,64,64,True,32
2026-09-21T11:58:09.345385+00:00,78bc4800-b5b1-11f1-b114-205badb8c8b6,32,32,64,64,True,32
2026-09-21T11:58:10.431012+00:00,78bc4800-b5b1-11f1-b114-205badb8c8b6,32,32,64,64,True,32
2026-09-21T11:58:11.498596+00:00,78bc4800-b5b1-11f1-b114-205badb8c8b6,32,32,64,64,True,32
2026-09-21T11:58:12.572475+00:00,78bc4800-b5b1-11f1-b114-205badb8c8b6,32,32,64,64,True,32
2026-09-21T11:58:13.604330+00:00,78bc4800-b5b1-11f1-b114-205badb8c8b6,32,32,64,64,True,32
2026-09-21T11:58:14.648017+00:00,78bc4800-b5b1-11f1-b114-205badb8c8b6,32,32,64,64,True,32
2026-09-21T11:58:15.733282+00:00,78bc4800-b5b1-11f1-b114-205badb8c8b6,32,32,64,64,True,32
2026-09-21T11:58:16.781557+00:00,78bc4800-b5b1-11f1-b114-205badb8c8b6,32,32,64,64,True,32
2026-09-21T11:58:17.818524+00:00,78bc4800-b5b1-11f1-b114-205badb8c8b6,32,32,64,64,True,32
2026-09-21T11:58:18.900509+00:00,78bc4800-b5b1-11f1-b114-205badb8c8b6,32,32,64,64,True,32
2026-09-21T11:58:19.952997+00:00,78bc4800-b5b1-11f1-b114-205badb8c8b6,32,32,64,64,True,32
2026-09-21T11:58:21.014493+00:00,78bc4800-b5b1-11f1-b114-205badb8c8b6,32,32,64,64,True,32
2026-09-21T11:58:22.064084+00:00,78bc4800-b5b1-11f1-b114-205badb8c8b6,32,32,64,64,True,32
2026-09-21T11:58:23.082236+00:00,78bc4800-b5b1-11f1-b114-205badb8c8b6,32,32,64,64,True,32
2026-09-21T11:58:24.111821+00:00,78bc4800-b5b1-11f1-b114-205badb8c8b6,32,32,64,64,True,32
2026-09-21T11:58:25.165327+00:00,78bc4800-b5b1-11f1-b114-205badb8c8b6,32,32,64,64,True,32
2026-09-21T11:58:26.184419+00:00,78bc4800-b5b1-11f1-b114-205badb8c8b6,32,32,64,64,True,32
2026-09-21T11:58:27.246049+00:00,78bc4800-b5b1-11f1-b114-205badb8c8b6,32,32,64,64,True,32
2026-09-21T11:58:28.296993+00:00,78bc4800-b5b1-11f1-b114-205badb8c8b6,32,32,64,64,True,32
2026-09-21T11:58:29.344191+00:00,78bc4800-b5b1-11f1-b114-205badb8c8b6,32,32,64,64,True,32
2026-09-21T11:58:30.397178+00:00,78bc4800-b5b1-11f1-b114-205badb8c8b6,32,32,64,64,True,32
2026-09-21T11:58:31.446138+00:00,78bc4800-b5b1-11f1-b114-205badb8c8b6,32,32,64,64,True,32
2026-09-21T11:58:32.500230+00:00,78bc4800-b5b1-11f1-b114-205badb8c8b6,32,32,64,64,True,32
2026-09-21T11:58:33.546667+00:00,78bc4800-b5b1-11f1-b114-205badb8c8b6,32,32,64,64,True,32
2026-09-21T11:58:34.604806+00:00,78bc4800-b5b1-11f1-b114-205badb8c8b6,32,32,64,64,True,32
2026-09-21T11:58:35.660531+00:00,78bc4800-b5b1-11f1-b114-205badb8c8b6,32,32,64,64,True,32
2026-09-21T11:58:36.711401+00:00,78bc4800-b5b1-11f1-b114-205badb8c8b6,32,32,64,64,True,32
2026-09-21T11:58:37.761917+00:00,78bc4800-b5b1-11f1-b114-205badb8c8b6,32,32,64,64,True,32
2026-09-21T11:58:38.811501+00:00,78bc4800-b5b1-11f1-b114-205badb8c8b6,32,32,64,64,True,32
2026-09-21T11:58:39.828194+00:00,78bc4800-b5b1-11f1-b114-205badb8c8b6,32,32,64,64,True,32
2026-09-21T11:58:40.884701+00:00,78bc4800-b5b1-11f1-b114-205badb8c8b6,32,32,64,64,True,32
2026-09-21T11:58:41.933307+00:00,78bc4800-b5b1-11f1-b114-205badb8c8b6,32,32,64,64,True,32
2026-09-21T11:58:42.975953+00:00,78bc4800-b5b1-11f1-b114-205badb8c8b6,32,32,64,64,True,32
2026-09-21T11:58:43.997721+00:00,78bc4800-b5b1-11f1-b114-205badb8c8b6,32,32,64,64,True,32
2026-09-21T11:58:45.033610+00:00,78bc4800-b5b1-11f1-b114-205badb8c8b6,32,32,64,64,True,32
2026-09-21T11:58:46.051899+00:00,78bc4800-b5b1-11f1-b114-205badb8c8b6,32,32,64,64,True,32
2026-09-21T11:58:47.101076+00:00,78bc4800-b5b1-11f1-b114-205badb8c8b6,32,32,64,64,True,32
2026-09-21T11:58:48.133556+00:00,78bc4800-b5b1-11f1-b114-205badb8c8b6,32,32,64,64,True,32
2026-09-21T11:58:49.181130+00:00,78bc4800-b5b1-11f1-b114-205badb8c8b6,32,32,64,64,True,32
2026-09-21T11:58:50.237828+00:00,78bc4800-b5b1-11f1-b114-205badb8c8b6,32,32,64,64,True,32
2026-09-21T11:58:51.296689+00:00,78bc4800-b5b1-11f1-b114-205badb8c8b6,32,32,64,64,True,32
2026-09-21T11:58:52.349432+00:00,78bc4800-b5b1-11f1-b114-205badb8c8b6,32,32,64,64,True,32
2026-09-21T11:58:53.394909+00:00,78bc4800-b5b1-11f1-b114-205badb8c8b6,32,32,64,64,True,32
2026-09-21T11:58:54.431763+00:00,78bc4800-b5b1-11f1-b114-205badb8c8b6,32,32,64,64,True,32
